{"path":"api-reference","templateID":0,"sharedPropsHashes":{"sidebarTree":"Z1QlnQi"},"localProps":{"page":{"path":"/api-reference","parsedPath":["pages","/api-reference"],"title":"API Reference","theme":"","data":{"blocks":[],"children":[{"title":"Allele Registry API","route":{"path":"/ar-api"},"data":{"children":[{"title":"Reference","route":{"path":"/reference"},"data":{"children":[{"title":"/allele","route":{"path":"/allele"},"data":{"children":[{"title":"Search registry using HGVS expression","config":{"sidebar":{"token":"get"}},"route":{"path":"/getallele"},"data":{}}]}},{"title":"/allele/{caid}","route":{"path":"/allele-caid"},"data":{"children":[{"title":"Search Registry using CAId","config":{"sidebar":{"token":"get"}},"route":{"path":"/getallelecaid"},"data":{}}]}},{"title":"/alleles","route":{"path":"/alleles"},"data":{"children":[{"title":"Multiple allele queries","config":{"sidebar":{"token":"get"}},"route":{"path":"/getalleles"},"data":{}},{"title":"Retrieve identifiers for a series of variants.","config":{"sidebar":{"token":"post"}},"route":{"path":"/postalleles"},"data":{}},{"title":"Register allele if not present in the registry.","config":{"sidebar":{"token":"put"}},"route":{"path":"/putalleles"},"data":{}}]}}]}},{"title":"Models","route":{"path":"/models"},"data":{"children":[{"title":"500","route":{"path":"/500"},"data":{}},{"title":"alleles","route":{"path":"/alleles"},"data":{}},{"title":"allele","route":{"path":"/allele"},"data":{}},{"title":"TranscriptAllele","route":{"path":"/transcriptallele"},"data":{}},{"title":"GenomicAllele","route":{"path":"/genomicallele"},"data":{}},{"title":"AminoAcidAllele","route":{"path":"/aminoacidallele"},"data":{}},{"title":"Coordinate","route":{"path":"/coordinate"},"data":{}},{"title":"HGVS","route":{"path":"/hgvs"},"data":{}},{"title":"ClinVarVariation","route":{"path":"/clinvarvariation"},"data":{}},{"title":"RCV","route":{"path":"/rcv"},"data":{}},{"title":"ClinVarAllele","route":{"path":"/clinvarallele"},"data":{}},{"title":"ExAC","route":{"path":"/exac"},"data":{}},{"title":"dbSNP","route":{"path":"/dbsnp"},"data":{}},{"title":"COSMIC","route":{"path":"/cosmic"},"data":{}}]}}]}}]},"meta":{"title":"API Reference"}},"crumbs":[{"content":"API Reference","to":"/api-reference"}]}}