{"path":"api-reference/ar-api/models/rcv","templateID":0,"sharedPropsHashes":{"sidebarTree":"Z1QlnQi"},"localProps":{"page":{"path":"/api-reference/ar-api/models/rcv","parsedPath":["pages","/api-reference","data","children",0,"data","children",1,"data","children",9],"title":"RCV","route":{"path":"/rcv"},"data":{"blocks":[{"type":"text","config":{},"header":{"title":"RCV"}},{"type":"jsonSchema","config":{},"header":{},"data":{"type":"string"}}],"children":[]},"isSubpage":true,"rootPagePath":"/api-reference","meta":{"title":"RCV - Models - Allele Registry API - API Reference"}},"crumbs":[{"content":"API Reference","to":"/api-reference"},{"content":"Allele Registry API","to":"/api-reference/ar-api"},{"content":"Models","to":"/api-reference/ar-api/models"},{"content":"RCV","to":"/api-reference/ar-api/models/rcv"}]}}