{"path":"api-reference/ar-api/reference","templateID":0,"sharedPropsHashes":{"sidebarTree":"Z1QlnQi"},"localProps":{"page":{"path":"/api-reference/ar-api/reference","parsedPath":["pages","/api-reference","data","children",0,"data","children",0],"title":"Reference","route":{"path":"/reference"},"data":{"blocks":[],"children":[{"title":"/allele","route":{"path":"/allele"},"data":{"children":[{"title":"Search registry using HGVS expression","config":{"sidebar":{"token":"get"}},"route":{"path":"/getallele"},"data":{}}]}},{"title":"/allele/{caid}","route":{"path":"/allele-caid"},"data":{"children":[{"title":"Search Registry using CAId","config":{"sidebar":{"token":"get"}},"route":{"path":"/getallelecaid"},"data":{}}]}},{"title":"/alleles","route":{"path":"/alleles"},"data":{"children":[{"title":"Multiple allele queries","config":{"sidebar":{"token":"get"}},"route":{"path":"/getalleles"},"data":{}},{"title":"Retrieve identifiers for a series of variants.","config":{"sidebar":{"token":"post"}},"route":{"path":"/postalleles"},"data":{}},{"title":"Register allele if not present in the registry.","config":{"sidebar":{"token":"put"}},"route":{"path":"/putalleles"},"data":{}}]}}]},"isSubpage":true,"rootPagePath":"/api-reference","meta":{"title":"Reference - Allele Registry API - API Reference"}},"crumbs":[{"content":"API Reference","to":"/api-reference"},{"content":"Allele Registry API","to":"/api-reference/ar-api"},{"content":"Reference","to":"/api-reference/ar-api/reference"}]}}