{"path":"api-reference/ar-api/models","templateID":0,"sharedPropsHashes":{"sidebarTree":"Z1QlnQi"},"localProps":{"page":{"path":"/api-reference/ar-api/models","parsedPath":["pages","/api-reference","data","children",0,"data","children",1],"title":"Models","route":{"path":"/models"},"data":{"blocks":[],"children":[{"title":"500","route":{"path":"/500"},"data":{}},{"title":"alleles","route":{"path":"/alleles"},"data":{}},{"title":"allele","route":{"path":"/allele"},"data":{}},{"title":"TranscriptAllele","route":{"path":"/transcriptallele"},"data":{}},{"title":"GenomicAllele","route":{"path":"/genomicallele"},"data":{}},{"title":"AminoAcidAllele","route":{"path":"/aminoacidallele"},"data":{}},{"title":"Coordinate","route":{"path":"/coordinate"},"data":{}},{"title":"HGVS","route":{"path":"/hgvs"},"data":{}},{"title":"ClinVarVariation","route":{"path":"/clinvarvariation"},"data":{}},{"title":"RCV","route":{"path":"/rcv"},"data":{}},{"title":"ClinVarAllele","route":{"path":"/clinvarallele"},"data":{}},{"title":"ExAC","route":{"path":"/exac"},"data":{}},{"title":"dbSNP","route":{"path":"/dbsnp"},"data":{}},{"title":"COSMIC","route":{"path":"/cosmic"},"data":{}}]},"isSubpage":true,"rootPagePath":"/api-reference","meta":{"title":"Models - Allele Registry API - API Reference"}},"crumbs":[{"content":"API Reference","to":"/api-reference"},{"content":"Allele Registry API","to":"/api-reference/ar-api"},{"content":"Models","to":"/api-reference/ar-api/models"}]}}