{"path":"api-reference/ar-api/models/dbsnp","templateID":0,"sharedPropsHashes":{"sidebarTree":"Z1QlnQi"},"localProps":{"page":{"path":"/api-reference/ar-api/models/dbsnp","parsedPath":["pages","/api-reference","data","children",0,"data","children",1,"data","children",12],"title":"dbSNP","route":{"path":"/dbsnp"},"data":{"blocks":[{"type":"text","config":{},"header":{"title":"dbSNP"}},{"type":"jsonSchema","config":{},"header":{},"data":{"type":"object","properties":{"rs":{"type":"string"},"@id":{"type":"string"}}}}],"children":[]},"isSubpage":true,"rootPagePath":"/api-reference","meta":{"title":"dbSNP - Models - Allele Registry API - API Reference"}},"crumbs":[{"content":"API Reference","to":"/api-reference"},{"content":"Allele Registry API","to":"/api-reference/ar-api"},{"content":"Models","to":"/api-reference/ar-api/models"},{"content":"dbSNP","to":"/api-reference/ar-api/models/dbsnp"}]}}