{"path":"api-reference/ar-api/reference/alleles","templateID":0,"sharedPropsHashes":{"sidebarTree":"Z1QlnQi"},"localProps":{"page":{"path":"/api-reference/ar-api/reference/alleles","parsedPath":["pages","/api-reference","data","children",0,"data","children",0,"data","children",2],"title":"/alleles","route":{"path":"/alleles"},"data":{"blocks":[],"children":[{"title":"Multiple allele queries","config":{"sidebar":{"token":"get"}},"route":{"path":"/getalleles"},"data":{}},{"title":"Retrieve identifiers for a series of variants.","config":{"sidebar":{"token":"post"}},"route":{"path":"/postalleles"},"data":{}},{"title":"Register allele if not present in the registry.","config":{"sidebar":{"token":"put"}},"route":{"path":"/putalleles"},"data":{}}]},"isSubpage":true,"rootPagePath":"/api-reference","meta":{"title":"/alleles - Reference - Allele Registry API - API Reference"}},"crumbs":[{"content":"API Reference","to":"/api-reference"},{"content":"Allele Registry API","to":"/api-reference/ar-api"},{"content":"Reference","to":"/api-reference/ar-api/reference"},{"content":"/alleles","to":"/api-reference/ar-api/reference/alleles"}]}}