{"path":"api-reference/ar-api/reference/alleles/postalleles","templateID":0,"sharedPropsHashes":{"sidebarTree":"Z1QlnQi"},"localProps":{"page":{"path":"/api-reference/ar-api/reference/alleles/postalleles","parsedPath":["pages","/api-reference","data","children",0,"data","children",0,"data","children",2,"data","children",1],"title":"Retrieve identifiers for a series of variants.","route":{"path":"/postalleles"},"data":{"blocks":[{"type":"text","config":{},"header":{"token":"post","title":"/alleles","subtitle":"Retrieve identifiers for a series of variants."},"data":"This POST request provides a way to retrieve information for one or more variants. "},{"type":"accordion","config":{"classNames":["ApiOperation--request"]},"header":{},"data":{"children":[{"title":"1 Query Parameter","config":{"classNames":["ApiOperation--queryParams"]},"blocks":[{"type":"jsonSchema","config":{"hideRoot":true},"header":{},"data":{"type":"object","properties":{"file":{"type":"string","default":"hgvs","description":"Must provide the payload type. Possible options are: hgvs, vcf, or, ca","enum":["hgvs","ca","vcf"]}},"required":[]}}]}]}},{"type":"text","data":"## Request Body","config":{"classNames":["ApiOperation--requestBodyTitle mt-3 -mb-4"]}},{"type":"accordion","data":{"children":[{"title":"3 Examples","blocks":[{"type":"tabs","data":{"children":[{"title":"text/plain - caid","blocks":[{"type":"code","config":{},"header":{},"data":"CA000007\nCA000008\nCA000010\nCA000327"}]},{"title":"text/plain - hgvs","blocks":[{"type":"code","config":{},"header":{},"data":"NC_000017.10:g.43009069G>C\nNC_000017.10:g.43009090G>T\nNC_000017.10:g.43009127delG"}]},{"title":"text/plain - vcf","blocks":[{"type":"code","config":{},"header":{},"data":"##fileformat=VCFv4.1\n##contig=<ID=chr17,assembly=GRCh37>\n#CHROM      POS   ID    REF   ALT   QUAL  FILTER      INFO\nchr17   43009069        .       G       C       59      PASS    DB\nchr17   43009090        .       G       T       59      PASS    DB\nchr17   43009126        .       AG      A       60      PASS    DB"}]}]}}]},{"title":"Schema","config":{"defaultOpen":true},"blocks":[{"type":"jsonSchema","config":{},"header":{},"data":{"type":"object","properties":{}}}]}]}},{"type":"text","data":"## Responses","config":{"classNames":["ApiOperation--responsesTitle mt-3 -mb-4"]}},{"type":"tabs","config":{"classNames":["ApiOperation--responses"]},"header":{},"data":{"children":[{"title":"200","blocks":[{"type":"accordion","data":{"children":[{"title":"1 Example","blocks":[{"type":"tabs","data":{"children":[{"title":"application/json","blocks":[{"type":"code","config":{},"header":{},"data":"[\n  {\n    \"@context\": \"http://reg.genome.network/schema/allele.jsonld\",\n    \"@id\": \"http://reg.genome.network/allele/CA8609453\",\n    \"externalRecords\": {\n      \"ExAC\": [\n        {\n          \"@id\": \"http://exac.broadinstitute.org/variant/17-43009069-G-C\",\n          \"id\": \"17-43009069-G-C\",\n          \"variant\": \"17:43009069 G / C\"\n        }\n      ],\n      \"MyVariantInfo_hg19\": [\n        {\n          \"@id\": \"http://myvariant.info/v1/variant/chr17:g.43009069G>C?assembly=hg19\",\n          \"id\": \"chr17:g.43009069G>C\"\n        }\n      ],\n      \"MyVariantInfo_hg38\": [\n        {\n          \"@id\": \"http://myvariant.info/v1/variant/chr17:g.44931701G>C?assembly=hg38\",\n          \"id\": \"chr17:g.44931701G>C\"\n        }\n      ],\n      \"dbSNP\": [\n        {\n          \"@id\": \"http://www.ncbi.nlm.nih.gov/snp/750105837\",\n          \"rs\": 750105837\n        }\n      ],\n      \"gnomAD\": [\n        {\n          \"@id\": \"http://gnomad.broadinstitute.org/variant/17-43009069-G-C\",\n          \"id\": \"17-43009069-G-C\",\n          \"variant\": \"17:43009069 G / C\"\n        }\n      ]\n    },\n    \"genomicAlleles\": [\n      {\n        \"chromosome\": \"17\",\n        \"coordinates\": [\n          {\n            \"allele\": \"C\",\n            \"end\": 44931701,\n            \"referenceAllele\": \"G\",\n            \"start\": 44931700\n          }\n        ],\n        \"hgvs\": [\n          \"NC_000017.11:g.44931701G>C\",\n          \"CM000679.2:g.44931701G>C\"\n        ],\n        \"referenceGenome\": \"GRCh38\",\n        \"referenceSequence\": \"http://reg.genome.network/refseq/RS000065\"\n      },\n      {\n        \"chromosome\": \"17\",\n        \"coordinates\": [\n          {\n            \"allele\": \"C\",\n            \"end\": 40364595,\n            \"referenceAllele\": \"G\",\n            \"start\": 40364594\n          }\n        ],\n        \"hgvs\": [\n          \"NC_000017.9:g.40364595G>C\"\n        ],\n        \"referenceGenome\": \"NCBI36\",\n        \"referenceSequence\": \"http://reg.genome.network/refseq/RS000017\"\n      },\n      {\n        \"chromosome\": \"17\",\n        \"coordinates\": [\n          {\n            \"allele\": \"C\",\n            \"end\": 43009069,\n            \"referenceAllele\": \"G\",\n            \"start\": 43009068\n          }\n        ],\n        \"hgvs\": [\n          \"NC_000017.10:g.43009069G>C\",\n          \"CM000679.1:g.43009069G>C\"\n        ],\n        \"referenceGenome\": \"GRCh37\",\n        \"referenceSequence\": \"http://reg.genome.network/refseq/RS000041\"\n      }\n    ],\n    \"transcriptAlleles\": [\n      {\n        \"coordinates\": [\n          {\n            \"allele\": \"G\",\n            \"end\": 1478,\n            \"referenceAllele\": \"C\",\n            \"start\": 1477\n          }\n        ],\n        \"hgvs\": [\n          \"ENST00000587309.5:c.1454C>G\"\n        ],\n        \"proteinEffect\": {\n          \"hgvs\": \"ENSP00000465377.1:p.Pro485Arg\",\n          \"hgvsWellDefined\": \"ENSP00000465377.1:p.Pro485Arg\"\n        },\n        \"referenceSequence\": \"http://reg.genome.network/refseq/RS389984\"\n      },\n      {\n        \"coordinates\": [\n          {\n            \"allele\": \"G\",\n            \"end\": 1481,\n            \"referenceAllele\": \"C\",\n            \"start\": 1480\n          }\n        ],\n        \"hgvs\": [\n          \"ENST00000590129.1:n.1481C>G\"\n        ],\n        \"proteinEffect\": {\n          \"hgvs\": \"ENSP00000465501.1:p.Pro494Arg\",\n          \"hgvsWellDefined\": \"ENSP00000465501.1:p.Pro494Arg\"\n        },\n        \"referenceSequence\": \"http://reg.genome.network/refseq/RS391968\"\n      },\n      {\n        \"coordinates\": [\n          {\n            \"allele\": \"G\",\n            \"end\": 1516,\n            \"referenceAllele\": \"C\",\n            \"start\": 1515\n          }\n        ],\n        \"hgvs\": [\n          \"ENST00000593135.5:c.1418C>G\"\n        ],\n        \"proteinEffect\": {\n          \"hgvs\": \"ENSP00000465992.1:p.Pro473Arg\",\n          \"hgvsWellDefined\": \"ENSP00000465992.1:p.Pro473Arg\"\n        },\n        \"referenceSequence\": \"http://reg.genome.network/refseq/RS394040\"\n      },\n      {\n        \"coordinates\": [\n          {\n            \"allele\": \"G\",\n            \"end\": 1552,\n            \"referenceAllele\": \"C\",\n            \"start\": 1551\n          }\n        ],\n        \"gene\": \"http://reg.genome.network/gene/GN027102\",\n        \"geneNCBI_id\": 146909,\n        \"geneSymbol\": \"KIF18B\",\n        \"hgvs\": [\n          \"NM_001264573.1:c.1454C>G\"\n        ],\n        \"proteinEffect\": {\n          \"hgvs\": \"NP_001251503.1:p.Pro485Arg\",\n          \"hgvsWellDefined\": \"NP_001251503.1:p.Pro485Arg\"\n        },\n        \"referenceSequence\": \"http://reg.genome.network/refseq/RS020036\"\n      },\n      {\n        \"coordinates\": [\n          {\n            \"allele\": \"G\",\n            \"end\": 1516,\n            \"referenceAllele\": \"C\",\n            \"start\": 1515\n          }\n        ],\n        \"gene\": \"http://reg.genome.network/gene/GN027102\",\n        \"geneNCBI_id\": 146909,\n        \"geneSymbol\": \"KIF18B\",\n        \"hgvs\": [\n          \"NM_001265577.1:c.1418C>G\"\n        ],\n        \"proteinEffect\": {\n          \"hgvs\": \"NP_001252506.1:p.Pro473Arg\",\n          \"hgvsWellDefined\": \"NP_001252506.1:p.Pro473Arg\"\n        },\n        \"referenceSequence\": \"http://reg.genome.network/refseq/RS020038\"\n      },\n      {\n        \"coordinates\": [\n          {\n            \"allele\": \"G\",\n            \"end\": 1858,\n            \"referenceAllele\": \"C\",\n            \"start\": 1857\n          }\n        ],\n        \"gene\": \"http://reg.genome.network/gene/GN027102\",\n        \"geneNCBI_id\": 146909,\n        \"geneSymbol\": \"KIF18B\",\n        \"hgvs\": [\n          \"XM_011524385.1:c.1481C>G\"\n        ],\n        \"proteinEffect\": {\n          \"hgvs\": \"XP_011522687.1:p.Pro494Arg\",\n          \"hgvsWellDefined\": \"XP_011522687.1:p.Pro494Arg\"\n        },\n        \"referenceSequence\": \"http://reg.genome.network/refseq/RS091511\"\n      },\n      {\n        \"coordinates\": [\n          {\n            \"allele\": \"G\",\n            \"end\": 1586,\n            \"referenceAllele\": \"C\",\n            \"start\": 1585\n          }\n        ],\n        \"gene\": \"http://reg.genome.network/gene/GN027102\",\n        \"geneNCBI_id\": 146909,\n        \"geneSymbol\": \"KIF18B\",\n        \"hgvs\": [\n          \"XM_011524386.1:c.1454C>G\"\n        ],\n        \"proteinEffect\": {\n          \"hgvs\": \"XP_011522688.1:p.Pro485Arg\",\n          \"hgvsWellDefined\": \"XP_011522688.1:p.Pro485Arg\"\n        },\n        \"referenceSequence\": \"http://reg.genome.network/refseq/RS091512\"\n      },\n      {\n        \"coordinates\": [\n          {\n            \"allele\": \"G\",\n            \"end\": 1859,\n            \"referenceAllele\": \"C\",\n            \"start\": 1858\n          }\n        ],\n        \"gene\": \"http://reg.genome.network/gene/GN027102\",\n        \"geneNCBI_id\": 146909,\n        \"geneSymbol\": \"KIF18B\",\n        \"hgvs\": [\n          \"XM_011524387.1:c.1481C>G\"\n        ],\n        \"proteinEffect\": {\n          \"hgvs\": \"XP_011522689.1:p.Pro494Arg\",\n          \"hgvsWellDefined\": \"XP_011522689.1:p.Pro494Arg\"\n        },\n        \"referenceSequence\": \"http://reg.genome.network/refseq/RS091513\"\n      },\n      {\n        \"coordinates\": [\n          {\n            \"allele\": \"G\",\n            \"end\": 1822,\n            \"referenceAllele\": \"C\",\n            \"start\": 1821\n          }\n        ],\n        \"gene\": \"http://reg.genome.network/gene/GN027102\",\n        \"geneNCBI_id\": 146909,\n        \"geneSymbol\": \"KIF18B\",\n        \"hgvs\": [\n          \"XM_011524388.1:c.1445C>G\"\n        ],\n        \"proteinEffect\": {\n          \"hgvs\": \"XP_011522690.1:p.Pro482Arg\",\n          \"hgvsWellDefined\": \"XP_011522690.1:p.Pro482Arg\"\n        },\n        \"referenceSequence\": \"http://reg.genome.network/refseq/RS091514\"\n      },\n      {\n        \"coordinates\": [\n          {\n            \"allele\": \"G\",\n            \"end\": 1858,\n            \"referenceAllele\": \"C\",\n            \"start\": 1857\n          }\n        ],\n        \"gene\": \"http://reg.genome.network/gene/GN027102\",\n        \"geneNCBI_id\": 146909,\n        \"geneSymbol\": \"KIF18B\",\n        \"hgvs\": [\n          \"XM_011524389.1:c.1481C>G\"\n        ],\n        \"proteinEffect\": {\n          \"hgvs\": \"XP_011522691.1:p.Pro494Arg\",\n          \"hgvsWellDefined\": \"XP_011522691.1:p.Pro494Arg\"\n        },\n        \"referenceSequence\": \"http://reg.genome.network/refseq/RS091515\"\n      },\n      {\n        \"coordinates\": [\n          {\n            \"allele\": \"G\",\n            \"end\": 1753,\n            \"referenceAllele\": \"C\",\n            \"start\": 1752\n          }\n        ],\n        \"gene\": \"http://reg.genome.network/gene/GN027102\",\n        \"geneNCBI_id\": 146909,\n        \"geneSymbol\": \"KIF18B\",\n        \"hgvs\": [\n          \"XM_011524390.1:c.1376C>G\"\n        ],\n        \"proteinEffect\": {\n          \"hgvs\": \"XP_011522692.1:p.Pro459Arg\",\n          \"hgvsWellDefined\": \"XP_011522692.1:p.Pro459Arg\"\n        },\n        \"referenceSequence\": \"http://reg.genome.network/refseq/RS091516\"\n      }\n    ],\n    \"type\": \"nucleotide\"\n  },\n  {\n    \"@context\": \"http://reg.genome.network/schema/allele.jsonld\",\n    \"@id\": \"http://reg.genome.network/allele/CA8609454\",\n    \"externalRecords\": {\n      \"ExAC\": [\n        {\n          \"@id\": \"http://exac.broadinstitute.org/variant/17-43009090-G-T\",\n          \"id\": \"17-43009090-G-T\",\n          \"variant\": \"17:43009090 G / T\"\n        }\n      ],\n      \"MyVariantInfo_hg19\": [\n        {\n          \"@id\": \"http://myvariant.info/v1/variant/chr17:g.43009090G>T?assembly=hg19\",\n          \"id\": \"chr17:g.43009090G>T\"\n        }\n      ],\n      \"MyVariantInfo_hg38\": [\n        {\n          \"@id\": \"http://myvariant.info/v1/variant/chr17:g.44931722G>T?assembly=hg38\",\n          \"id\": \"chr17:g.44931722G>T\"\n        }\n      ],\n      \"dbSNP\": [\n        {\n          \"@id\": \"http://www.ncbi.nlm.nih.gov/snp/779282588\",\n          \"rs\": 779282588\n        }\n      ],\n      \"gnomAD\": [\n        {\n          \"@id\": \"http://gnomad.broadinstitute.org/variant/17-43009090-G-T\",\n          \"id\": \"17-43009090-G-T\",\n          \"variant\": \"17:43009090 G / T\"\n        }\n      ]\n    },\n    \"genomicAlleles\": [\n      {\n        \"chromosome\": \"17\",\n        \"coordinates\": [\n          {\n            \"allele\": \"T\",\n            \"end\": 44931722,\n            \"referenceAllele\": \"G\",\n            \"start\": 44931721\n          }\n        ],\n        \"hgvs\": [\n          \"NC_000017.11:g.44931722G>T\",\n          \"CM000679.2:g.44931722G>T\"\n        ],\n        \"referenceGenome\": \"GRCh38\",\n        \"referenceSequence\": \"http://reg.genome.network/refseq/RS000065\"\n      },\n      {\n        \"chromosome\": \"17\",\n        \"coordinates\": [\n          {\n            \"allele\": \"T\",\n            \"end\": 40364616,\n            \"referenceAllele\": \"G\",\n            \"start\": 40364615\n          }\n        ],\n        \"hgvs\": [\n          \"NC_000017.9:g.40364616G>T\"\n        ],\n        \"referenceGenome\": \"NCBI36\",\n        \"referenceSequence\": \"http://reg.genome.network/refseq/RS000017\"\n      },\n      {\n        \"chromosome\": \"17\",\n        \"coordinates\": [\n          {\n            \"allele\": \"T\",\n            \"end\": 43009090,\n            \"referenceAllele\": \"G\",\n            \"start\": 43009089\n          }\n        ],\n        \"hgvs\": [\n          \"NC_000017.10:g.43009090G>T\",\n          \"CM000679.1:g.43009090G>T\"\n        ],\n        \"referenceGenome\": \"GRCh37\",\n        \"referenceSequence\": \"http://reg.genome.network/refseq/RS000041\"\n      }\n    ],\n    \"transcriptAlleles\": [\n      {\n        \"coordinates\": [\n          {\n            \"allele\": \"A\",\n            \"end\": 1457,\n            \"referenceAllele\": \"C\",\n            \"start\": 1456\n          }\n        ],\n        \"hgvs\": [\n          \"ENST00000587309.5:c.1433C>A\"\n        ],\n        \"proteinEffect\": {\n          \"hgvs\": \"ENSP00000465377.1:p.Thr478Asn\",\n          \"hgvsWellDefined\": \"ENSP00000465377.1:p.Thr478Asn\"\n        },\n        \"referenceSequence\": \"http://reg.genome.network/refseq/RS389984\"\n      },\n      {\n        \"coordinates\": [\n          {\n            \"allele\": \"A\",\n            \"end\": 1460,\n            \"referenceAllele\": \"C\",\n            \"start\": 1459\n          }\n        ],\n        \"hgvs\": [\n          \"ENST00000590129.1:n.1460C>A\"\n        ],\n        \"proteinEffect\": {\n          \"hgvs\": \"ENSP00000465501.1:p.Thr487Asn\",\n          \"hgvsWellDefined\": \"ENSP00000465501.1:p.Thr487Asn\"\n        },\n        \"referenceSequence\": \"http://reg.genome.network/refseq/RS391968\"\n      },\n      {\n        \"coordinates\": [\n          {\n            \"allele\": \"A\",\n            \"end\": 1495,\n            \"referenceAllele\": \"C\",\n            \"start\": 1494\n          }\n        ],\n        \"hgvs\": [\n          \"ENST00000593135.5:c.1397C>A\"\n        ],\n        \"proteinEffect\": {\n          \"hgvs\": \"ENSP00000465992.1:p.Thr466Asn\",\n          \"hgvsWellDefined\": \"ENSP00000465992.1:p.Thr466Asn\"\n        },\n        \"referenceSequence\": \"http://reg.genome.network/refseq/RS394040\"\n      },\n      {\n        \"coordinates\": [\n          {\n            \"allele\": \"A\",\n            \"end\": 1531,\n            \"referenceAllele\": \"C\",\n            \"start\": 1530\n          }\n        ],\n        \"gene\": \"http://reg.genome.network/gene/GN027102\",\n        \"geneNCBI_id\": 146909,\n        \"geneSymbol\": \"KIF18B\",\n        \"hgvs\": [\n          \"NM_001264573.1:c.1433C>A\"\n        ],\n        \"proteinEffect\": {\n          \"hgvs\": \"NP_001251503.1:p.Thr478Asn\",\n          \"hgvsWellDefined\": \"NP_001251503.1:p.Thr478Asn\"\n        },\n        \"referenceSequence\": \"http://reg.genome.network/refseq/RS020036\"\n      },\n      {\n        \"coordinates\": [\n          {\n            \"allele\": \"A\",\n            \"end\": 1495,\n            \"referenceAllele\": \"C\",\n            \"start\": 1494\n          }\n        ],\n        \"gene\": \"http://reg.genome.network/gene/GN027102\",\n        \"geneNCBI_id\": 146909,\n        \"geneSymbol\": \"KIF18B\",\n        \"hgvs\": [\n          \"NM_001265577.1:c.1397C>A\"\n        ],\n        \"proteinEffect\": {\n          \"hgvs\": \"NP_001252506.1:p.Thr466Asn\",\n          \"hgvsWellDefined\": \"NP_001252506.1:p.Thr466Asn\"\n        },\n        \"referenceSequence\": \"http://reg.genome.network/refseq/RS020038\"\n      },\n      {\n        \"coordinates\": [\n          {\n            \"allele\": \"A\",\n            \"end\": 1837,\n            \"referenceAllele\": \"C\",\n            \"start\": 1836\n          }\n        ],\n        \"gene\": \"http://reg.genome.network/gene/GN027102\",\n        \"geneNCBI_id\": 146909,\n        \"geneSymbol\": \"KIF18B\",\n        \"hgvs\": [\n          \"XM_011524385.1:c.1460C>A\"\n        ],\n        \"proteinEffect\": {\n          \"hgvs\": \"XP_011522687.1:p.Thr487Asn\",\n          \"hgvsWellDefined\": \"XP_011522687.1:p.Thr487Asn\"\n        },\n        \"referenceSequence\": \"http://reg.genome.network/refseq/RS091511\"\n      },\n      {\n        \"coordinates\": [\n          {\n            \"allele\": \"A\",\n            \"end\": 1565,\n            \"referenceAllele\": \"C\",\n            \"start\": 1564\n          }\n        ],\n        \"gene\": \"http://reg.genome.network/gene/GN027102\",\n        \"geneNCBI_id\": 146909,\n        \"geneSymbol\": \"KIF18B\",\n        \"hgvs\": [\n          \"XM_011524386.1:c.1433C>A\"\n        ],\n        \"proteinEffect\": {\n          \"hgvs\": \"XP_011522688.1:p.Thr478Asn\",\n          \"hgvsWellDefined\": \"XP_011522688.1:p.Thr478Asn\"\n        },\n        \"referenceSequence\": \"http://reg.genome.network/refseq/RS091512\"\n      },\n      {\n        \"coordinates\": [\n          {\n            \"allele\": \"A\",\n            \"end\": 1838,\n            \"referenceAllele\": \"C\",\n            \"start\": 1837\n          }\n        ],\n        \"gene\": \"http://reg.genome.network/gene/GN027102\",\n        \"geneNCBI_id\": 146909,\n        \"geneSymbol\": \"KIF18B\",\n        \"hgvs\": [\n          \"XM_011524387.1:c.1460C>A\"\n        ],\n        \"proteinEffect\": {\n          \"hgvs\": \"XP_011522689.1:p.Thr487Asn\",\n          \"hgvsWellDefined\": \"XP_011522689.1:p.Thr487Asn\"\n        },\n        \"referenceSequence\": \"http://reg.genome.network/refseq/RS091513\"\n      },\n      {\n        \"coordinates\": [\n          {\n            \"allele\": \"A\",\n            \"end\": 1801,\n            \"referenceAllele\": \"C\",\n            \"start\": 1800\n          }\n        ],\n        \"gene\": \"http://reg.genome.network/gene/GN027102\",\n        \"geneNCBI_id\": 146909,\n        \"geneSymbol\": \"KIF18B\",\n        \"hgvs\": [\n          \"XM_011524388.1:c.1424C>A\"\n        ],\n        \"proteinEffect\": {\n          \"hgvs\": \"XP_011522690.1:p.Thr475Asn\",\n          \"hgvsWellDefined\": \"XP_011522690.1:p.Thr475Asn\"\n        },\n        \"referenceSequence\": \"http://reg.genome.network/refseq/RS091514\"\n      },\n      {\n        \"coordinates\": [\n          {\n            \"allele\": \"A\",\n            \"end\": 1837,\n            \"referenceAllele\": \"C\",\n            \"start\": 1836\n          }\n        ],\n        \"gene\": \"http://reg.genome.network/gene/GN027102\",\n        \"geneNCBI_id\": 146909,\n        \"geneSymbol\": \"KIF18B\",\n        \"hgvs\": [\n          \"XM_011524389.1:c.1460C>A\"\n        ],\n        \"proteinEffect\": {\n          \"hgvs\": \"XP_011522691.1:p.Thr487Asn\",\n          \"hgvsWellDefined\": \"XP_011522691.1:p.Thr487Asn\"\n        },\n        \"referenceSequence\": \"http://reg.genome.network/refseq/RS091515\"\n      },\n      {\n        \"coordinates\": [\n          {\n            \"allele\": \"A\",\n            \"end\": 1732,\n            \"referenceAllele\": \"C\",\n            \"start\": 1731\n          }\n        ],\n        \"gene\": \"http://reg.genome.network/gene/GN027102\",\n        \"geneNCBI_id\": 146909,\n        \"geneSymbol\": \"KIF18B\",\n        \"hgvs\": [\n          \"XM_011524390.1:c.1355C>A\"\n        ],\n        \"proteinEffect\": {\n          \"hgvs\": \"XP_011522692.1:p.Thr452Asn\",\n          \"hgvsWellDefined\": \"XP_011522692.1:p.Thr452Asn\"\n        },\n        \"referenceSequence\": \"http://reg.genome.network/refseq/RS091516\"\n      }\n    ],\n    \"type\": \"nucleotide\"\n  },\n  {\n    \"@context\": \"http://reg.genome.network/schema/allele.jsonld\",\n    \"@id\": \"http://reg.genome.network/allele/CA8609461\",\n    \"externalRecords\": {\n      \"ExAC\": [\n        {\n          \"@id\": \"http://exac.broadinstitute.org/variant/17-43009126-AG-A\",\n          \"id\": \"17-43009126-AG-A\",\n          \"variant\": \"17:43009126 AG / A\"\n        }\n      ],\n      \"MyVariantInfo_hg19\": [\n        {\n          \"@id\": \"http://myvariant.info/v1/variant/chr17:g.43009127del?assembly=hg19\",\n          \"id\": \"chr17:g.43009127del\"\n        }\n      ],\n      \"MyVariantInfo_hg38\": [\n        {\n          \"@id\": \"http://myvariant.info/v1/variant/chr17:g.44931760del?assembly=hg38\",\n          \"id\": \"chr17:g.44931760del\"\n        },\n        {\n          \"@id\": \"http://myvariant.info/v1/variant/chr17:g.44931759del?assembly=hg38\",\n          \"id\": \"chr17:g.44931759del\"\n        }\n      ],\n      \"dbSNP\": [\n        {\n          \"@id\": \"http://www.ncbi.nlm.nih.gov/snp/775219016\",\n          \"rs\": 775219016\n        }\n      ],\n      \"gnomAD\": [\n        {\n          \"@id\": \"http://gnomad.broadinstitute.org/variant/17-43009126-AG-A\",\n          \"id\": \"17-43009126-AG-A\",\n          \"variant\": \"17:43009126 AG / A\"\n        }\n      ]\n    },\n    \"genomicAlleles\": [\n      {\n        \"chromosome\": \"17\",\n        \"coordinates\": [\n          {\n            \"allele\": \"\",\n            \"end\": 44931759,\n            \"referenceAllele\": \"G\",\n            \"start\": 44931758\n          }\n        ],\n        \"hgvs\": [\n          \"NC_000017.11:g.44931762del\",\n          \"CM000679.2:g.44931762del\"\n        ],\n        \"referenceGenome\": \"GRCh38\",\n        \"referenceSequence\": \"http://reg.genome.network/refseq/RS000065\"\n      },\n      {\n        \"chromosome\": \"17\",\n        \"coordinates\": [\n          {\n            \"allele\": \"\",\n            \"end\": 40364653,\n            \"referenceAllele\": \"G\",\n            \"start\": 40364652\n          }\n        ],\n        \"hgvs\": [\n          \"NC_000017.9:g.40364656del\"\n        ],\n        \"referenceGenome\": \"NCBI36\",\n        \"referenceSequence\": \"http://reg.genome.network/refseq/RS000017\"\n      },\n      {\n        \"chromosome\": \"17\",\n        \"coordinates\": [\n          {\n            \"allele\": \"\",\n            \"end\": 43009127,\n            \"referenceAllele\": \"G\",\n            \"start\": 43009126\n          }\n        ],\n        \"hgvs\": [\n          \"NC_000017.10:g.43009130del\",\n          \"CM000679.1:g.43009130del\"\n        ],\n        \"referenceGenome\": \"GRCh37\",\n        \"referenceSequence\": \"http://reg.genome.network/refseq/RS000041\"\n      }\n    ],\n    \"transcriptAlleles\": [\n      {\n        \"coordinates\": [\n          {\n            \"allele\": \"\",\n            \"end\": 1449,\n            \"endIntronDirection\": \"-\",\n            \"endIntronOffset\": 32,\n            \"referenceAllele\": \"C\",\n            \"start\": 1449,\n            \"startIntronDirection\": \"-\",\n            \"startIntronOffset\": 33\n          }\n        ],\n        \"hgvs\": [\n          \"ENST00000587309.5:c.1426-30del\"\n        ],\n        \"proteinEffect\": {\n          \"hgvs\": \"ENSP00000465377.1:p.=\"\n        },\n        \"referenceSequence\": \"http://reg.genome.network/refseq/RS389984\"\n      },\n      {\n        \"coordinates\": [\n          {\n            \"allele\": \"\",\n            \"end\": 1452,\n            \"endIntronDirection\": \"-\",\n            \"endIntronOffset\": 32,\n            \"referenceAllele\": \"C\",\n            \"start\": 1452,\n            \"startIntronDirection\": \"-\",\n            \"startIntronOffset\": 33\n          }\n        ],\n        \"hgvs\": [\n          \"ENST00000590129.1:n.1453-30del\"\n        ],\n        \"proteinEffect\": {\n          \"hgvs\": \"ENSP00000465501.1:p.=\"\n        },\n        \"referenceSequence\": \"http://reg.genome.network/refseq/RS391968\"\n      },\n      {\n        \"coordinates\": [\n          {\n            \"allele\": \"\",\n            \"end\": 1487,\n            \"endIntronDirection\": \"-\",\n            \"endIntronOffset\": 32,\n            \"referenceAllele\": \"C\",\n            \"start\": 1487,\n            \"startIntronDirection\": \"-\",\n            \"startIntronOffset\": 33\n          }\n        ],\n        \"hgvs\": [\n          \"ENST00000593135.5:c.1390-30del\"\n        ],\n        \"proteinEffect\": {\n          \"hgvs\": \"ENSP00000465992.1:p.=\"\n        },\n        \"referenceSequence\": \"http://reg.genome.network/refseq/RS394040\"\n      },\n      {\n        \"coordinates\": [\n          {\n            \"allele\": \"\",\n            \"end\": 1523,\n            \"endIntronDirection\": \"-\",\n            \"endIntronOffset\": 32,\n            \"referenceAllele\": \"C\",\n            \"start\": 1523,\n            \"startIntronDirection\": \"-\",\n            \"startIntronOffset\": 33\n          }\n        ],\n        \"gene\": \"http://reg.genome.network/gene/GN027102\",\n        \"geneNCBI_id\": 146909,\n        \"geneSymbol\": \"KIF18B\",\n        \"hgvs\": [\n          \"NM_001264573.1:c.1426-30del\"\n        ],\n        \"proteinEffect\": {\n          \"hgvs\": \"NP_001251503.1:p.=\"\n        },\n        \"referenceSequence\": \"http://reg.genome.network/refseq/RS020036\"\n      },\n      {\n        \"coordinates\": [\n          {\n            \"allele\": \"\",\n            \"end\": 1487,\n            \"endIntronDirection\": \"-\",\n            \"endIntronOffset\": 32,\n            \"referenceAllele\": \"C\",\n            \"start\": 1487,\n            \"startIntronDirection\": \"-\",\n            \"startIntronOffset\": 33\n          }\n        ],\n        \"gene\": \"http://reg.genome.network/gene/GN027102\",\n        \"geneNCBI_id\": 146909,\n        \"geneSymbol\": \"KIF18B\",\n        \"hgvs\": [\n          \"NM_001265577.1:c.1390-30del\"\n        ],\n        \"proteinEffect\": {\n          \"hgvs\": \"NP_001252506.1:p.=\"\n        },\n        \"referenceSequence\": \"http://reg.genome.network/refseq/RS020038\"\n      },\n      {\n        \"coordinates\": [\n          {\n            \"allele\": \"\",\n            \"end\": 1829,\n            \"endIntronDirection\": \"-\",\n            \"endIntronOffset\": 32,\n            \"referenceAllele\": \"C\",\n            \"start\": 1829,\n            \"startIntronDirection\": \"-\",\n            \"startIntronOffset\": 33\n          }\n        ],\n        \"gene\": \"http://reg.genome.network/gene/GN027102\",\n        \"geneNCBI_id\": 146909,\n        \"geneSymbol\": \"KIF18B\",\n        \"hgvs\": [\n          \"XM_011524385.1:c.1453-30del\"\n        ],\n        \"proteinEffect\": {\n          \"hgvs\": \"XP_011522687.1:p.=\"\n        },\n        \"referenceSequence\": \"http://reg.genome.network/refseq/RS091511\"\n      },\n      {\n        \"coordinates\": [\n          {\n            \"allele\": \"\",\n            \"end\": 1557,\n            \"endIntronDirection\": \"-\",\n            \"endIntronOffset\": 32,\n            \"referenceAllele\": \"C\",\n            \"start\": 1557,\n            \"startIntronDirection\": \"-\",\n            \"startIntronOffset\": 33\n          }\n        ],\n        \"gene\": \"http://reg.genome.network/gene/GN027102\",\n        \"geneNCBI_id\": 146909,\n        \"geneSymbol\": \"KIF18B\",\n        \"hgvs\": [\n          \"XM_011524386.1:c.1426-30del\"\n        ],\n        \"proteinEffect\": {\n          \"hgvs\": \"XP_011522688.1:p.=\"\n        },\n        \"referenceSequence\": \"http://reg.genome.network/refseq/RS091512\"\n      },\n      {\n        \"coordinates\": [\n          {\n            \"allele\": \"\",\n            \"end\": 1830,\n            \"endIntronDirection\": \"-\",\n            \"endIntronOffset\": 32,\n            \"referenceAllele\": \"C\",\n            \"start\": 1830,\n            \"startIntronDirection\": \"-\",\n            \"startIntronOffset\": 33\n          }\n        ],\n        \"gene\": \"http://reg.genome.network/gene/GN027102\",\n        \"geneNCBI_id\": 146909,\n        \"geneSymbol\": \"KIF18B\",\n        \"hgvs\": [\n          \"XM_011524387.1:c.1453-30del\"\n        ],\n        \"proteinEffect\": {\n          \"hgvs\": \"XP_011522689.1:p.=\"\n        },\n        \"referenceSequence\": \"http://reg.genome.network/refseq/RS091513\"\n      },\n      {\n        \"coordinates\": [\n          {\n            \"allele\": \"\",\n            \"end\": 1793,\n            \"endIntronDirection\": \"-\",\n            \"endIntronOffset\": 32,\n            \"referenceAllele\": \"C\",\n            \"start\": 1793,\n            \"startIntronDirection\": \"-\",\n            \"startIntronOffset\": 33\n          }\n        ],\n        \"gene\": \"http://reg.genome.network/gene/GN027102\",\n        \"geneNCBI_id\": 146909,\n        \"geneSymbol\": \"KIF18B\",\n        \"hgvs\": [\n          \"XM_011524388.1:c.1417-30del\"\n        ],\n        \"proteinEffect\": {\n          \"hgvs\": \"XP_011522690.1:p.=\"\n        },\n        \"referenceSequence\": \"http://reg.genome.network/refseq/RS091514\"\n      },\n      {\n        \"coordinates\": [\n          {\n            \"allele\": \"\",\n            \"end\": 1829,\n            \"endIntronDirection\": \"-\",\n            \"endIntronOffset\": 32,\n            \"referenceAllele\": \"C\",\n            \"start\": 1829,\n            \"startIntronDirection\": \"-\",\n            \"startIntronOffset\": 33\n          }\n        ],\n        \"gene\": \"http://reg.genome.network/gene/GN027102\",\n        \"geneNCBI_id\": 146909,\n        \"geneSymbol\": \"KIF18B\",\n        \"hgvs\": [\n          \"XM_011524389.1:c.1453-30del\"\n        ],\n        \"proteinEffect\": {\n          \"hgvs\": \"XP_011522691.1:p.=\"\n        },\n        \"referenceSequence\": \"http://reg.genome.network/refseq/RS091515\"\n      },\n      {\n        \"coordinates\": [\n          {\n            \"allele\": \"\",\n            \"end\": 1724,\n            \"endIntronDirection\": \"-\",\n            \"endIntronOffset\": 32,\n            \"referenceAllele\": \"C\",\n            \"start\": 1724,\n            \"startIntronDirection\": \"-\",\n            \"startIntronOffset\": 33\n          }\n        ],\n        \"gene\": \"http://reg.genome.network/gene/GN027102\",\n        \"geneNCBI_id\": 146909,\n        \"geneSymbol\": \"KIF18B\",\n        \"hgvs\": [\n          \"XM_011524390.1:c.1348-30del\"\n        ],\n        \"proteinEffect\": {\n          \"hgvs\": \"XP_011522692.1:p.=\"\n        },\n        \"referenceSequence\": \"http://reg.genome.network/refseq/RS091516\"\n      }\n    ],\n    \"type\": \"nucleotide\"\n  }\n]"}]}]}}]},{"title":"Schema","config":{"defaultOpen":true},"blocks":[{"type":"jsonSchema","config":{},"header":{},"data":{"type":"array","items":{"type":"object","properties":{"@id":{"type":"string"},"@context":{"type":"string"},"type":{"type":"string"},"transcriptAlleles":{"type":"array","items":{"type":"object","properties":{"hgvs":{"type":"array","items":{"type":"string"}},"referenceSequence":{"type":"string"},"gene":{"type":"string"},"coordinates":{"type":"array","items":{"type":"object","properties":{"start":{"type":"integer"},"end":{"type":"integer"},"startIntronOffset":{"type":"integer"},"startIntronDirection":{"type":"string"},"endIntronOffset":{"type":"integer"},"endIntronDirection":{"type":"string"},"referenceAllele":{"type":"string"},"allele":{"type":"string"}}}},"proteinEffect":{"type":["string","array"],"items":{"type":"object","properties":{"hgvs":{"type":"string"},"hgvsWellDefined":{"type":"string"}}}}}}},"genomicAlleles":{"type":"array","items":{"type":"object","properties":{"hgvs":{"type":"array","items":{"type":"string"}},"referenceSequence":{"type":"string"},"gene":{"type":"string"},"chromosome":{"type":"string"},"referenceGenome":{"type":"string"},"coordinates":{"type":"array","items":{"type":"object","properties":{"start":{"type":"integer"},"end":{"type":"integer"},"startIntronOffset":{"type":"integer"},"startIntronDirection":{"type":"string"},"endIntronOffset":{"type":"integer"},"endIntronDirection":{"type":"string"},"referenceAllele":{"type":"string"},"allele":{"type":"string"}}}}}}},"aminoAcidAlleles":{"type":"array","items":{"type":"object","properties":{"hgvs":{"type":"array","items":{"type":"string"}},"referenceSequence":{"type":"string"},"gene":{"type":"string"},"coordinates":{"type":"array","items":{"type":"object","properties":{"start":{"type":"integer"},"end":{"type":"integer"},"startIntronOffset":{"type":"integer"},"startIntronDirection":{"type":"string"},"endIntronOffset":{"type":"integer"},"endIntronDirection":{"type":"string"},"referenceAllele":{"type":"string"},"allele":{"type":"string"}}}},"hgvsMatchingTranscriptVariant":{"type":"array","items":{"type":"string"}}}}},"externalRecords":{"type":"object","properties":{"ClinVarVariations":{"type":"array","items":{"type":"object","properties":{"variationId":{"type":"string"},"@id":{"type":"string"},"RCV":{"type":"array","items":{"type":"string"}}}}},"ClinVarAlleles":{"type":"array","items":{"type":"object","properties":{"alleleId":{"type":"string"},"@id":{"type":"string"},"preferredName":{"type":"string"}}}},"ExAC":{"type":"array","items":{"type":"object","properties":{"variant":{"type":"string"},"@id":{"type":"string"}}}},"dbSNP":{"type":"array","items":{"type":"object","properties":{"rs":{"type":"string"},"@id":{"type":"string"}}}},"COSMIC":{"type":"array","items":{"type":"object","properties":{"id":{"type":"string"},"@id":{"type":"string"},"active":{"type":"boolean"}}}}}}},"required":["@id","@context","type"]}}}]}]}}]}]}},{"type":"text","config":{"classNames":["ApiOperation--tryItOutTitle mt-3 -mb-4"]},"data":"## Send a Test Request"},{"type":"tabs","config":{"classNames":["ApiOperation--tryItOut"]},"data":{"children":[{"title":"application/json","blocks":[{"type":"http","data":{"url":"https://reg.genome.network/alleles","method":"post","headers":{"Content-Type":"application/json"},"query":{"file":"hgvs"},"body":"CA000007\nCA000008\nCA000010\nCA000327","stepPathParams":{}},"config":{}}]},{"title":"application/json","blocks":[{"type":"http","data":{"url":"http://reg.genome.network/alleles","method":"post","headers":{"Content-Type":"application/json"},"query":{"file":"hgvs"},"body":"CA000007\nCA000008\nCA000010\nCA000327","stepPathParams":{}},"config":{}}]}]}}],"children":[]},"isSubpage":true,"rootPagePath":"/api-reference","meta":{"title":"Retrieve identifiers for a series of variants. - /alleles - Reference - Allele Registry API - API Reference"}},"crumbs":[{"content":"API Reference","to":"/api-reference"},{"content":"Allele Registry API","to":"/api-reference/ar-api"},{"content":"Reference","to":"/api-reference/ar-api/reference"},{"content":"/alleles","to":"/api-reference/ar-api/reference/alleles"},{"content":"Retrieve identifiers for a series of variants.","to":"/api-reference/ar-api/reference/alleles/postalleles"}]}}