{"path":"api-reference/ar-api/models/coordinate","templateID":0,"sharedPropsHashes":{"sidebarTree":"Z1QlnQi"},"localProps":{"page":{"path":"/api-reference/ar-api/models/coordinate","parsedPath":["pages","/api-reference","data","children",0,"data","children",1,"data","children",6],"title":"Coordinate","route":{"path":"/coordinate"},"data":{"blocks":[{"type":"text","config":{},"header":{"title":"Coordinate"}},{"type":"jsonSchema","config":{},"header":{},"data":{"type":"object","properties":{"start":{"type":"integer"},"end":{"type":"integer"},"startIntronOffset":{"type":"integer"},"startIntronDirection":{"type":"string"},"endIntronOffset":{"type":"integer"},"endIntronDirection":{"type":"string"},"referenceAllele":{"type":"string"},"allele":{"type":"string"}}}}],"children":[]},"isSubpage":true,"rootPagePath":"/api-reference","meta":{"title":"Coordinate - Models - Allele Registry API - API Reference"}},"crumbs":[{"content":"API Reference","to":"/api-reference"},{"content":"Allele Registry API","to":"/api-reference/ar-api"},{"content":"Models","to":"/api-reference/ar-api/models"},{"content":"Coordinate","to":"/api-reference/ar-api/models/coordinate"}]}}