{"path":"api-reference/ar-api/models/cosmic","templateID":0,"sharedPropsHashes":{"sidebarTree":"Z1QlnQi"},"localProps":{"page":{"path":"/api-reference/ar-api/models/cosmic","parsedPath":["pages","/api-reference","data","children",0,"data","children",1,"data","children",13],"title":"COSMIC","route":{"path":"/cosmic"},"data":{"blocks":[{"type":"text","config":{},"header":{"title":"COSMIC"}},{"type":"jsonSchema","config":{},"header":{},"data":{"type":"object","properties":{"id":{"type":"string"},"@id":{"type":"string"},"active":{"type":"boolean"}}}}],"children":[]},"isSubpage":true,"rootPagePath":"/api-reference","meta":{"title":"COSMIC - Models - Allele Registry API - API Reference"}},"crumbs":[{"content":"API Reference","to":"/api-reference"},{"content":"Allele Registry API","to":"/api-reference/ar-api"},{"content":"Models","to":"/api-reference/ar-api/models"},{"content":"COSMIC","to":"/api-reference/ar-api/models/cosmic"}]}}