{"path":"api-reference/ar-api","templateID":0,"sharedPropsHashes":{"sidebarTree":"Z1QlnQi"},"localProps":{"page":{"path":"/api-reference/ar-api","parsedPath":["pages","/api-reference","data","children",0],"title":"Allele Registry API","route":{"path":"/ar-api"},"data":{"blocks":[{"type":"text","config":{},"header":{},"data":"# ClinGen Allele Registry APIs\n\n- __Version:__ 1.0\n- __Host:__ reg.genome.network\n- __Protocols:__ https, http\n"},{"type":"accordion","config":{},"header":{},"data":{"children":[{"title":"More Info","blocks":[{"type":"text","config":{},"header":{},"data":"- __[Contact Us by Email](mailto:bcm.clingen@gmail.com)__\n- __Contact URL:__ [https://reg.genome.network](https://reg.genome.network)\n- __Terms Of Service__: [https://none](https://none)\n"}]}]}},{"type":"text","config":{},"header":{},"data":"Allele Registry provides URIs for canonical alleles defined at the level of nucleic acid sequences (genomic and transcript alleles) or at the protein level (amino acid sequences). Different labels and definitions of the same allele are always represented by the same URI. Canonical allele embraces various names of the same allele and its definitions in the context of different reference sequences (both assemblies and transcripts). Nucleic acid and amino acid canonical alleles are defined in separate spaces and never share the same URI. This document describes API for Allele Registry that allows querying as well as registering alleles and obtaining their URI in real time. The API is based on HTTP protocol and always returns data in JSON format. New fields may be added in the future, so developers using this API should assume that all structures may contain additional fields not described in this document. Allele Registry is identified on the Internet by DNS name.  \n\nOfficial instance of Allele Registry is currently available at the addresses *http://reg.genome.network* and *http://reg.clinicalgenome.org*. There is also test server available at *http://reg.test.genome.network*. The Allele Registry API is based on HTTP/HTTPS requests. There are three types of requests used by this API; **GET, POST and PUT**. All GET requests can be send with the use of any Internet browser (just copy the URL to the address bar), but for sending POST and PUT requests some more advanced tool is needed. Moreover, all PUT requests requires authentication, what is described in the next section. \n\nReady scripts for sending POST and PUT requests with payload from given file can be found at http://reg.genome.network/doc. "}],"children":[{"title":"Reference","route":{"path":"/reference"},"data":{"children":[{"title":"/allele","route":{"path":"/allele"},"data":{"children":[{"title":"Search registry using HGVS expression","config":{"sidebar":{"token":"get"}},"route":{"path":"/getallele"},"data":{}}]}},{"title":"/allele/{caid}","route":{"path":"/allele-caid"},"data":{"children":[{"title":"Search Registry using CAId","config":{"sidebar":{"token":"get"}},"route":{"path":"/getallelecaid"},"data":{}}]}},{"title":"/alleles","route":{"path":"/alleles"},"data":{"children":[{"title":"Multiple allele queries","config":{"sidebar":{"token":"get"}},"route":{"path":"/getalleles"},"data":{}},{"title":"Retrieve identifiers for a series of variants.","config":{"sidebar":{"token":"post"}},"route":{"path":"/postalleles"},"data":{}},{"title":"Register allele if not present in the registry.","config":{"sidebar":{"token":"put"}},"route":{"path":"/putalleles"},"data":{}}]}}]}},{"title":"Models","route":{"path":"/models"},"data":{"children":[{"title":"500","route":{"path":"/500"},"data":{}},{"title":"alleles","route":{"path":"/alleles"},"data":{}},{"title":"allele","route":{"path":"/allele"},"data":{}},{"title":"TranscriptAllele","route":{"path":"/transcriptallele"},"data":{}},{"title":"GenomicAllele","route":{"path":"/genomicallele"},"data":{}},{"title":"AminoAcidAllele","route":{"path":"/aminoacidallele"},"data":{}},{"title":"Coordinate","route":{"path":"/coordinate"},"data":{}},{"title":"HGVS","route":{"path":"/hgvs"},"data":{}},{"title":"ClinVarVariation","route":{"path":"/clinvarvariation"},"data":{}},{"title":"RCV","route":{"path":"/rcv"},"data":{}},{"title":"ClinVarAllele","route":{"path":"/clinvarallele"},"data":{}},{"title":"ExAC","route":{"path":"/exac"},"data":{}},{"title":"dbSNP","route":{"path":"/dbsnp"},"data":{}},{"title":"COSMIC","route":{"path":"/cosmic"},"data":{}}]}}]},"isSubpage":true,"rootPagePath":"/api-reference","meta":{"title":"Allele Registry API - API Reference"}},"crumbs":[{"content":"API Reference","to":"/api-reference"},{"content":"Allele Registry API","to":"/api-reference/ar-api"}]}}