{"path":"api-reference/ar-api/models/alleles","templateID":0,"sharedPropsHashes":{"sidebarTree":"Z1QlnQi"},"localProps":{"page":{"path":"/api-reference/ar-api/models/alleles","parsedPath":["pages","/api-reference","data","children",0,"data","children",1,"data","children",1],"title":"alleles","route":{"path":"/alleles"},"data":{"blocks":[{"type":"text","config":{},"header":{"title":"alleles"}},{"type":"jsonSchema","config":{},"header":{},"data":{"type":"array","items":{"type":"object","properties":{"@id":{"type":"string"},"@context":{"type":"string"},"type":{"type":"string"},"transcriptAlleles":{"type":"array","items":{"type":"object","properties":{"hgvs":{"type":"array","items":{"type":"string"}},"referenceSequence":{"type":"string"},"gene":{"type":"string"},"coordinates":{"type":"array","items":{"type":"object","properties":{"start":{"type":"integer"},"end":{"type":"integer"},"startIntronOffset":{"type":"integer"},"startIntronDirection":{"type":"string"},"endIntronOffset":{"type":"integer"},"endIntronDirection":{"type":"string"},"referenceAllele":{"type":"string"},"allele":{"type":"string"}}}},"proteinEffect":{"type":["string","array"],"items":{"type":"object","properties":{"hgvs":{"type":"string"},"hgvsWellDefined":{"type":"string"}}}}}}},"genomicAlleles":{"type":"array","items":{"type":"object","properties":{"hgvs":{"type":"array","items":{"type":"string"}},"referenceSequence":{"type":"string"},"gene":{"type":"string"},"chromosome":{"type":"string"},"referenceGenome":{"type":"string"},"coordinates":{"type":"array","items":{"type":"object","properties":{"start":{"type":"integer"},"end":{"type":"integer"},"startIntronOffset":{"type":"integer"},"startIntronDirection":{"type":"string"},"endIntronOffset":{"type":"integer"},"endIntronDirection":{"type":"string"},"referenceAllele":{"type":"string"},"allele":{"type":"string"}}}}}}},"aminoAcidAlleles":{"type":"array","items":{"type":"object","properties":{"hgvs":{"type":"array","items":{"type":"string"}},"referenceSequence":{"type":"string"},"gene":{"type":"string"},"coordinates":{"type":"array","items":{"type":"object","properties":{"start":{"type":"integer"},"end":{"type":"integer"},"startIntronOffset":{"type":"integer"},"startIntronDirection":{"type":"string"},"endIntronOffset":{"type":"integer"},"endIntronDirection":{"type":"string"},"referenceAllele":{"type":"string"},"allele":{"type":"string"}}}},"hgvsMatchingTranscriptVariant":{"type":"array","items":{"type":"string"}}}}},"externalRecords":{"type":"object","properties":{"ClinVarVariations":{"type":"array","items":{"type":"object","properties":{"variationId":{"type":"string"},"@id":{"type":"string"},"RCV":{"type":"array","items":{"type":"string"}}}}},"ClinVarAlleles":{"type":"array","items":{"type":"object","properties":{"alleleId":{"type":"string"},"@id":{"type":"string"},"preferredName":{"type":"string"}}}},"ExAC":{"type":"array","items":{"type":"object","properties":{"variant":{"type":"string"},"@id":{"type":"string"}}}},"dbSNP":{"type":"array","items":{"type":"object","properties":{"rs":{"type":"string"},"@id":{"type":"string"}}}},"COSMIC":{"type":"array","items":{"type":"object","properties":{"id":{"type":"string"},"@id":{"type":"string"},"active":{"type":"boolean"}}}}}}},"required":["@id","@context","type"]}}}],"children":[]},"isSubpage":true,"rootPagePath":"/api-reference","meta":{"title":"alleles - Models - Allele Registry API - API Reference"}},"crumbs":[{"content":"API Reference","to":"/api-reference"},{"content":"Allele Registry API","to":"/api-reference/ar-api"},{"content":"Models","to":"/api-reference/ar-api/models"},{"content":"alleles","to":"/api-reference/ar-api/models/alleles"}]}}