{"path":"api-reference/ar-api/models/genomicallele","templateID":0,"sharedPropsHashes":{"sidebarTree":"Z1QlnQi"},"localProps":{"page":{"path":"/api-reference/ar-api/models/genomicallele","parsedPath":["pages","/api-reference","data","children",0,"data","children",1,"data","children",4],"title":"GenomicAllele","route":{"path":"/genomicallele"},"data":{"blocks":[{"type":"text","config":{},"header":{"title":"GenomicAllele"}},{"type":"jsonSchema","config":{},"header":{},"data":{"type":"object","properties":{"hgvs":{"type":"array","items":{"type":"string"}},"referenceSequence":{"type":"string"},"gene":{"type":"string"},"chromosome":{"type":"string"},"referenceGenome":{"type":"string"},"coordinates":{"type":"array","items":{"type":"object","properties":{"start":{"type":"integer"},"end":{"type":"integer"},"startIntronOffset":{"type":"integer"},"startIntronDirection":{"type":"string"},"endIntronOffset":{"type":"integer"},"endIntronDirection":{"type":"string"},"referenceAllele":{"type":"string"},"allele":{"type":"string"}}}}}}}],"children":[]},"isSubpage":true,"rootPagePath":"/api-reference","meta":{"title":"GenomicAllele - Models - Allele Registry API - API Reference"}},"crumbs":[{"content":"API Reference","to":"/api-reference"},{"content":"Allele Registry API","to":"/api-reference/ar-api"},{"content":"Models","to":"/api-reference/ar-api/models"},{"content":"GenomicAllele","to":"/api-reference/ar-api/models/genomicallele"}]}}