{"path":"api-reference/ar-api/reference/allele","templateID":0,"sharedPropsHashes":{"sidebarTree":"Z1QlnQi"},"localProps":{"page":{"path":"/api-reference/ar-api/reference/allele","parsedPath":["pages","/api-reference","data","children",0,"data","children",0,"data","children",0],"title":"/allele","route":{"path":"/allele"},"data":{"blocks":[],"children":[{"title":"Search registry using HGVS expression","config":{"sidebar":{"token":"get"}},"route":{"path":"/getallele"},"data":{}}]},"isSubpage":true,"rootPagePath":"/api-reference","meta":{"title":"/allele - Reference - Allele Registry API - API Reference"}},"crumbs":[{"content":"API Reference","to":"/api-reference"},{"content":"Allele Registry API","to":"/api-reference/ar-api"},{"content":"Reference","to":"/api-reference/ar-api/reference"},{"content":"/allele","to":"/api-reference/ar-api/reference/allele"}]}}