{"path":"api-reference/ar-api/reference/alleles/getalleles","templateID":0,"sharedPropsHashes":{"sidebarTree":"Z1QlnQi"},"localProps":{"page":{"path":"/api-reference/ar-api/reference/alleles/getalleles","parsedPath":["pages","/api-reference","data","children",0,"data","children",0,"data","children",2,"data","children",0],"title":"Multiple allele queries","route":{"path":"/getalleles"},"data":{"blocks":[{"type":"text","config":{},"header":{"token":"get","title":"/alleles","subtitle":"Multiple allele queries"},"data":"This is a common *GET* path where more than one allele is expected in the response. One of the example is searching ClinGen Allele Registry using HGNC gene symbols. Please note that the query parameters: gene, dbSNP.rs, ClinVar.VariationId, ClinVar.RCV, MyVariantInfo_hg19.id, ExAC.id, and, gnomAD.id are **mutually exclusive**. You just need to provide one of them for query."},{"type":"accordion","config":{"classNames":["ApiOperation--request"]},"header":{},"data":{"children":[{"title":"10 Query Parameters","config":{"classNames":["ApiOperation--queryParams"]},"blocks":[{"type":"jsonSchema","config":{"hideRoot":true},"header":{},"data":{"type":"object","properties":{"gene":{"type":"string","default":"TP53","description":"Search the allele registry using [HGNC approved gene symbols](https://www.genenames.org/). "},"dbSNP.rs":{"type":"string","description":"Search the allele registry using dbSNP rs-Identifier. The rs identifier is an identifier for a location and type of variation. [More information]","default":"369602258"},"ClinVar.VariationId":{"type":"string","description":"[The ClinVar Variation ID](https://www.ncbi.nlm.nih.gov/clinvar/docs/variation_report/) is provided by ClinVar. The Variation ID is a unique identifier for the set of sequence changes that were interpreted (by ClinVar). ","default":"214835"},"ClinVar.RCV":{"type":"string","description":"[The ClinVar RCV ID ](https://www.ncbi.nlm.nih.gov/clinvar/docs/help/)is provided by ClinVar as an accession number that describes a ClinVar submission.","default":"RCV000196794"},"MyVariantInfo_hg19.id":{"type":"string","description":"Search the allele registry using [MyVariant Identifier](http://docs.myvariant.info/en/latest/). MyVariant identifier for an allele is a simple representation of allele using hg19/GRCh37 reference sequence. The identifier is a variation of HGVS representation to describe variation. Instead of the reference sequence, the identifier uses chromosome name. ","default":"chr9:g.107620835G>A"},"MyVariantInfo_hg38.id":{"type":"string","description":"Search the allele registry using [MyVariant Identifier](http://docs.myvariant.info/en/latest/). MyVariant identifier for an allele is a simple representation of allele using hg38/GRCh38 reference sequence. The identifier is a variation of HGVS representation to describe variation. Instead of the reference sequence, the identifier uses chromosome name. ","default":"chr9:g.104858554G>A"},"ExAC.id":{"type":"string","default":"5-112043382-A-G","description":"Search the allele registry using [ExAC Identifier](http://exac.broadinstitute.org/faq). The ExAC identifier for an allele is a simple representation of allele using hg19/GRCh37 reference sequence. The identifier is a concatenated string that describes chromosome, coordinate, reference, and alternate alleles (Chr-Start-Ref-Alt) with \"-\" delimiter. "},"c":{"type":"string","default":"5-112043382-A-G","description":"Search the allele registry using [gnomAD Identifier](http://gnomad.broadinstitute.org/faq). The gnomAD identifier for an allele is a simple representation of allele using hg19/GRCh37 reference sequence. The identifier is a concatenated string that describes chromosome, coordinate, reference, and alternate alleles (Chr-Start-Ref-Alt) with \"-\" delimiter. "},"skip":{"type":"integer","default":0,"description":"Number of records to skip in retrieved hits.","format":"int32"},"limit":{"type":"integer","default":100,"description":"Limit number of hits to this number","format":"int32"}},"required":[]}}]}]}},{"type":"text","data":"## Responses","config":{"classNames":["ApiOperation--responsesTitle mt-3 -mb-4"]}},{"type":"tabs","config":{"classNames":["ApiOperation--responses"]},"header":{},"data":{"children":[{"title":"200","blocks":[{"type":"text","data":"Successful response"},{"type":"accordion","data":{"children":[{"title":"Schema","config":{"defaultOpen":true},"blocks":[{"type":"jsonSchema","config":{},"header":{},"data":{"type":"array","items":{"type":"object","properties":{"@id":{"type":"string"},"@context":{"type":"string"},"type":{"type":"string"},"transcriptAlleles":{"type":"array","items":{"type":"object","properties":{"hgvs":{"type":"array","items":{"type":"string"}},"referenceSequence":{"type":"string"},"gene":{"type":"string"},"coordinates":{"type":"array","items":{"type":"object","properties":{"start":{"type":"integer"},"end":{"type":"integer"},"startIntronOffset":{"type":"integer"},"startIntronDirection":{"type":"string"},"endIntronOffset":{"type":"integer"},"endIntronDirection":{"type":"string"},"referenceAllele":{"type":"string"},"allele":{"type":"string"}}}},"proteinEffect":{"type":["string","array"],"items":{"type":"object","properties":{"hgvs":{"type":"string"},"hgvsWellDefined":{"type":"string"}}}}}}},"genomicAlleles":{"type":"array","items":{"type":"object","properties":{"hgvs":{"type":"array","items":{"type":"string"}},"referenceSequence":{"type":"string"},"gene":{"type":"string"},"chromosome":{"type":"string"},"referenceGenome":{"type":"string"},"coordinates":{"type":"array","items":{"type":"object","properties":{"start":{"type":"integer"},"end":{"type":"integer"},"startIntronOffset":{"type":"integer"},"startIntronDirection":{"type":"string"},"endIntronOffset":{"type":"integer"},"endIntronDirection":{"type":"string"},"referenceAllele":{"type":"string"},"allele":{"type":"string"}}}}}}},"aminoAcidAlleles":{"type":"array","items":{"type":"object","properties":{"hgvs":{"type":"array","items":{"type":"string"}},"referenceSequence":{"type":"string"},"gene":{"type":"string"},"coordinates":{"type":"array","items":{"type":"object","properties":{"start":{"type":"integer"},"end":{"type":"integer"},"startIntronOffset":{"type":"integer"},"startIntronDirection":{"type":"string"},"endIntronOffset":{"type":"integer"},"endIntronDirection":{"type":"string"},"referenceAllele":{"type":"string"},"allele":{"type":"string"}}}},"hgvsMatchingTranscriptVariant":{"type":"array","items":{"type":"string"}}}}},"externalRecords":{"type":"object","properties":{"ClinVarVariations":{"type":"array","items":{"type":"object","properties":{"variationId":{"type":"string"},"@id":{"type":"string"},"RCV":{"type":"array","items":{"type":"string"}}}}},"ClinVarAlleles":{"type":"array","items":{"type":"object","properties":{"alleleId":{"type":"string"},"@id":{"type":"string"},"preferredName":{"type":"string"}}}},"ExAC":{"type":"array","items":{"type":"object","properties":{"variant":{"type":"string"},"@id":{"type":"string"}}}},"dbSNP":{"type":"array","items":{"type":"object","properties":{"rs":{"type":"string"},"@id":{"type":"string"}}}},"COSMIC":{"type":"array","items":{"type":"object","properties":{"id":{"type":"string"},"@id":{"type":"string"},"active":{"type":"boolean"}}}}}}},"required":["@id","@context","type"]}}}]}]}}]},{"title":"500","blocks":[{"type":"accordion","data":{"children":[{"title":"Schema","config":{"defaultOpen":true},"blocks":[{"type":"jsonSchema","config":{},"header":{},"data":{"type":"object","title":"Error 500","properties":{"description":{"type":"string"},"errorType":{"type":"string"},"message":{"type":"string"}}}}]}]}}]}]}},{"type":"text","config":{"classNames":["ApiOperation--tryItOutTitle mt-3 -mb-4"]},"data":"## Send a Test Request"},{"type":"tabs","config":{"classNames":["ApiOperation--tryItOut"]},"data":{"children":[{"title":"example","blocks":[{"type":"http","data":{"url":"https://reg.genome.network/alleles","method":"get","headers":{},"query":{"gene":"TP53","dbSNP.rs":"369602258","ClinVar.VariationId":"214835","ClinVar.RCV":"RCV000196794","MyVariantInfo_hg19.id":"chr9:g.107620835G>A","MyVariantInfo_hg38.id":"chr9:g.104858554G>A","ExAC.id":"5-112043382-A-G","c":"5-112043382-A-G","skip":"","limit":100},"stepPathParams":{}},"config":{}}]},{"title":"example","blocks":[{"type":"http","data":{"url":"http://reg.genome.network/alleles","method":"get","headers":{},"query":{"gene":"TP53","dbSNP.rs":"369602258","ClinVar.VariationId":"214835","ClinVar.RCV":"RCV000196794","MyVariantInfo_hg19.id":"chr9:g.107620835G>A","MyVariantInfo_hg38.id":"chr9:g.104858554G>A","ExAC.id":"5-112043382-A-G","c":"5-112043382-A-G","skip":"","limit":100},"stepPathParams":{}},"config":{}}]}]}}],"children":[]},"isSubpage":true,"rootPagePath":"/api-reference","meta":{"title":"Multiple allele queries - /alleles - Reference - Allele Registry API - API Reference"}},"crumbs":[{"content":"API Reference","to":"/api-reference"},{"content":"Allele Registry API","to":"/api-reference/ar-api"},{"content":"Reference","to":"/api-reference/ar-api/reference"},{"content":"/alleles","to":"/api-reference/ar-api/reference/alleles"},{"content":"Multiple allele queries","to":"/api-reference/ar-api/reference/alleles/getalleles"}]}}