{"path":"api-reference/ar-api/reference/allele-caid","templateID":0,"sharedPropsHashes":{"sidebarTree":"Z1QlnQi"},"localProps":{"page":{"path":"/api-reference/ar-api/reference/allele-caid","parsedPath":["pages","/api-reference","data","children",0,"data","children",0,"data","children",1],"title":"/allele/{caid}","route":{"path":"/allele-caid"},"data":{"blocks":[],"children":[{"title":"Search Registry using CAId","config":{"sidebar":{"token":"get"}},"route":{"path":"/getallelecaid"},"data":{}}]},"isSubpage":true,"rootPagePath":"/api-reference","meta":{"title":"/allele/{caid} - Reference - Allele Registry API - API Reference"}},"crumbs":[{"content":"API Reference","to":"/api-reference"},{"content":"Allele Registry API","to":"/api-reference/ar-api"},{"content":"Reference","to":"/api-reference/ar-api/reference"},{"content":"/allele/{caid}","to":"/api-reference/ar-api/reference/allele-caid"}]}}