{"path":"api-reference/ar-api/models/500","templateID":0,"sharedPropsHashes":{"sidebarTree":"Z1QlnQi"},"localProps":{"page":{"path":"/api-reference/ar-api/models/500","parsedPath":["pages","/api-reference","data","children",0,"data","children",1,"data","children",0],"title":"500","route":{"path":"/500"},"data":{"blocks":[{"type":"text","config":{},"header":{"title":"Error 500"}},{"type":"jsonSchema","config":{},"header":{},"data":{"type":"object","title":"Error 500","properties":{"description":{"type":"string"},"errorType":{"type":"string"},"message":{"type":"string"}}}}],"children":[]},"isSubpage":true,"rootPagePath":"/api-reference","meta":{"title":"500 - Models - Allele Registry API - API Reference"}},"crumbs":[{"content":"API Reference","to":"/api-reference"},{"content":"Allele Registry API","to":"/api-reference/ar-api"},{"content":"Models","to":"/api-reference/ar-api/models"},{"content":"500","to":"/api-reference/ar-api/models/500"}]}}