{"path":"api-reference/ar-api/models/aminoacidallele","templateID":0,"sharedPropsHashes":{"sidebarTree":"Z1QlnQi"},"localProps":{"page":{"path":"/api-reference/ar-api/models/aminoacidallele","parsedPath":["pages","/api-reference","data","children",0,"data","children",1,"data","children",5],"title":"AminoAcidAllele","route":{"path":"/aminoacidallele"},"data":{"blocks":[{"type":"text","config":{},"header":{"title":"AminoAcidAllele"}},{"type":"jsonSchema","config":{},"header":{},"data":{"type":"object","properties":{"hgvs":{"type":"array","items":{"type":"string"}},"referenceSequence":{"type":"string"},"gene":{"type":"string"},"coordinates":{"type":"array","items":{"type":"object","properties":{"start":{"type":"integer"},"end":{"type":"integer"},"startIntronOffset":{"type":"integer"},"startIntronDirection":{"type":"string"},"endIntronOffset":{"type":"integer"},"endIntronDirection":{"type":"string"},"referenceAllele":{"type":"string"},"allele":{"type":"string"}}}},"hgvsMatchingTranscriptVariant":{"type":"array","items":{"type":"string"}}}}}],"children":[]},"isSubpage":true,"rootPagePath":"/api-reference","meta":{"title":"AminoAcidAllele - Models - Allele Registry API - API Reference"}},"crumbs":[{"content":"API Reference","to":"/api-reference"},{"content":"Allele Registry API","to":"/api-reference/ar-api"},{"content":"Models","to":"/api-reference/ar-api/models"},{"content":"AminoAcidAllele","to":"/api-reference/ar-api/models/aminoacidallele"}]}}