[{"treeData":[{"name":"Allele Registry API","noToggle":true,"openByDefault":true,"hasContent":true,"path":"/api-reference/ar-api","href":"/api-reference/ar-api","children":[{"name":"Reference","path":"/api-reference/ar-api/reference","children":[{"name":"/allele","path":"/api-reference/ar-api/reference/allele","children":[{"name":"Search registry using HGVS expression","hasContent":true,"token":{"name":"get"},"path":"/api-reference/ar-api/reference/allele/getallele","href":"/api-reference/ar-api/reference/allele/getallele"}]},{"name":"/allele/{caid}","path":"/api-reference/ar-api/reference/allele-caid","children":[{"name":"Search Registry using CAId","hasContent":true,"token":{"name":"get"},"path":"/api-reference/ar-api/reference/allele-caid/getallelecaid","href":"/api-reference/ar-api/reference/allele-caid/getallelecaid"}]},{"name":"/alleles","path":"/api-reference/ar-api/reference/alleles","children":[{"name":"Multiple allele queries","hasContent":true,"token":{"name":"get"},"path":"/api-reference/ar-api/reference/alleles/getalleles","href":"/api-reference/ar-api/reference/alleles/getalleles"},{"name":"Retrieve identifiers for a series of variants.","hasContent":true,"token":{"name":"post"},"path":"/api-reference/ar-api/reference/alleles/postalleles","href":"/api-reference/ar-api/reference/alleles/postalleles"},{"name":"Register allele if not present in the registry.","hasContent":true,"token":{"name":"put"},"path":"/api-reference/ar-api/reference/alleles/putalleles","href":"/api-reference/ar-api/reference/alleles/putalleles"}]}]},{"name":"Models","path":"/api-reference/ar-api/models","children":[{"name":"500","hasContent":true,"path":"/api-reference/ar-api/models/500","href":"/api-reference/ar-api/models/500"},{"name":"alleles","hasContent":true,"path":"/api-reference/ar-api/models/alleles","href":"/api-reference/ar-api/models/alleles"},{"name":"allele","hasContent":true,"path":"/api-reference/ar-api/models/allele","href":"/api-reference/ar-api/models/allele"},{"name":"TranscriptAllele","hasContent":true,"path":"/api-reference/ar-api/models/transcriptallele","href":"/api-reference/ar-api/models/transcriptallele"},{"name":"GenomicAllele","hasContent":true,"path":"/api-reference/ar-api/models/genomicallele","href":"/api-reference/ar-api/models/genomicallele"},{"name":"AminoAcidAllele","hasContent":true,"path":"/api-reference/ar-api/models/aminoacidallele","href":"/api-reference/ar-api/models/aminoacidallele"},{"name":"Coordinate","hasContent":true,"path":"/api-reference/ar-api/models/coordinate","href":"/api-reference/ar-api/models/coordinate"},{"name":"HGVS","hasContent":true,"path":"/api-reference/ar-api/models/hgvs","href":"/api-reference/ar-api/models/hgvs"},{"name":"ClinVarVariation","hasContent":true,"path":"/api-reference/ar-api/models/clinvarvariation","href":"/api-reference/ar-api/models/clinvarvariation"},{"name":"RCV","hasContent":true,"path":"/api-reference/ar-api/models/rcv","href":"/api-reference/ar-api/models/rcv"},{"name":"ClinVarAllele","hasContent":true,"path":"/api-reference/ar-api/models/clinvarallele","href":"/api-reference/ar-api/models/clinvarallele"},{"name":"ExAC","hasContent":true,"path":"/api-reference/ar-api/models/exac","href":"/api-reference/ar-api/models/exac"},{"name":"dbSNP","hasContent":true,"path":"/api-reference/ar-api/models/dbsnp","href":"/api-reference/ar-api/models/dbsnp"},{"name":"COSMIC","hasContent":true,"path":"/api-reference/ar-api/models/cosmic","href":"/api-reference/ar-api/models/cosmic"}]}]}]}]