{"path":"api-reference/ar-api/models/clinvarallele","templateID":0,"sharedPropsHashes":{"sidebarTree":"Z1QlnQi"},"localProps":{"page":{"path":"/api-reference/ar-api/models/clinvarallele","parsedPath":["pages","/api-reference","data","children",0,"data","children",1,"data","children",10],"title":"ClinVarAllele","route":{"path":"/clinvarallele"},"data":{"blocks":[{"type":"text","config":{},"header":{"title":"ClinVarAllele"}},{"type":"jsonSchema","config":{},"header":{},"data":{"type":"object","properties":{"alleleId":{"type":"string"},"@id":{"type":"string"},"preferredName":{"type":"string"}}}}],"children":[]},"isSubpage":true,"rootPagePath":"/api-reference","meta":{"title":"ClinVarAllele - Models - Allele Registry API - API Reference"}},"crumbs":[{"content":"API Reference","to":"/api-reference"},{"content":"Allele Registry API","to":"/api-reference/ar-api"},{"content":"Models","to":"/api-reference/ar-api/models"},{"content":"ClinVarAllele","to":"/api-reference/ar-api/models/clinvarallele"}]}}