{"path":"api-reference/ar-api/reference/allele-caid/getallelecaid","templateID":0,"sharedPropsHashes":{"sidebarTree":"Z1QlnQi"},"localProps":{"page":{"path":"/api-reference/ar-api/reference/allele-caid/getallelecaid","parsedPath":["pages","/api-reference","data","children",0,"data","children",0,"data","children",1,"data","children",0],"title":"Search Registry using CAId","route":{"path":"/getallelecaid"},"data":{"blocks":[{"type":"text","config":{},"header":{"token":"get","title":"/allele/{caid}","subtitle":"Search Registry using CAId"},"data":"This is a URI pattern to retrieve allele information from the canonical allele identifier.\n"},{"type":"accordion","config":{"classNames":["ApiOperation--request"]},"header":{},"data":{"children":[{"title":"1 Path Parameter","config":{"classNames":["ApiOperation--pathParams"]},"blocks":[{"type":"jsonSchema","config":{"hideRoot":true},"header":{},"data":{"type":"object","properties":{"caid":{"description":"A canonical allele identifier","type":"string","default":"CA321211"}},"required":["caid"]}}]}]}},{"type":"text","data":"## Responses","config":{"classNames":["ApiOperation--responsesTitle mt-3 -mb-4"]}},{"type":"tabs","config":{"classNames":["ApiOperation--responses"]},"header":{},"data":{"children":[{"title":"200","blocks":[{"type":"text","data":"Successful response"},{"type":"accordion","data":{"children":[{"title":"1 Example","blocks":[{"type":"tabs","data":{"children":[{"title":"application/json","blocks":[{"type":"code","config":{},"header":{},"data":"{\n  \"@context\": \"http://reg.genome.network/schema/allele.jsonld\",\n  \"@id\": \"http://reg.genome.network/allele/CA321211\",\n  \"externalRecords\": {\n    \"ClinVarAlleles\": [\n      {\n        \"@id\": \"http://www.ncbi.nlm.nih.gov/clinvar/?term=211565[alleleid]\",\n        \"alleleId\": 211565,\n        \"preferredName\": \"NM_002496.3(NDUFS8):c.64C>T (p.Pro22Ser)\"\n      }\n    ],\n    \"ClinVarVariations\": [\n      {\n        \"@id\": \"http://www.ncbi.nlm.nih.gov/clinvar/variation/214835\",\n        \"RCV\": [\n          \"RCV000196794\",\n          \"RCV000276295\",\n          \"RCV000389629\"\n        ],\n        \"variationId\": 214835\n      }\n    ],\n    \"ExAC\": [\n      {\n        \"@id\": \"http://exac.broadinstitute.org/variant/11-67799758-C-T\",\n        \"id\": \"11-67799758-C-T\",\n        \"variant\": \"11:67799758 C / T\"\n      }\n    ],\n    \"MyVariantInfo_hg19\": [\n      {\n        \"@id\": \"http://myvariant.info/v1/variant/chr11:g.67799758C>T?assembly=hg19\",\n        \"id\": \"chr11:g.67799758C>T\"\n      }\n    ],\n    \"MyVariantInfo_hg38\": [\n      {\n        \"@id\": \"http://myvariant.info/v1/variant/chr11:g.68032291C>T?assembly=hg38\",\n        \"id\": \"chr11:g.68032291C>T\"\n      }\n    ],\n    \"dbSNP\": [\n      {\n        \"@id\": \"http://www.ncbi.nlm.nih.gov/snp/369602258\",\n        \"rs\": 369602258\n      }\n    ],\n    \"gnomAD\": [\n      {\n        \"@id\": \"http://gnomad.broadinstitute.org/variant/11-67799758-C-T\",\n        \"id\": \"11-67799758-C-T\",\n        \"variant\": \"11:67799758 C / T\"\n      }\n    ]\n  },\n  \"genomicAlleles\": [\n    {\n      \"chromosome\": \"11\",\n      \"coordinates\": [\n        {\n          \"allele\": \"T\",\n          \"end\": 68032291,\n          \"referenceAllele\": \"C\",\n          \"start\": 68032290\n        }\n      ],\n      \"hgvs\": [\n        \"NC_000011.10:g.68032291C>T\",\n        \"CM000673.2:g.68032291C>T\"\n      ],\n      \"referenceGenome\": \"GRCh38\",\n      \"referenceSequence\": \"http://reg.genome.network/refseq/RS000059\"\n    },\n    {\n      \"chromosome\": \"11\",\n      \"coordinates\": [\n        {\n          \"allele\": \"T\",\n          \"end\": 67556334,\n          \"referenceAllele\": \"C\",\n          \"start\": 67556333\n        }\n      ],\n      \"hgvs\": [\n        \"NC_000011.8:g.67556334C>T\"\n      ],\n      \"referenceGenome\": \"NCBI36\",\n      \"referenceSequence\": \"http://reg.genome.network/refseq/RS000011\"\n    },\n    {\n      \"chromosome\": \"11\",\n      \"coordinates\": [\n        {\n          \"allele\": \"T\",\n          \"end\": 67799758,\n          \"referenceAllele\": \"C\",\n          \"start\": 67799757\n        }\n      ],\n      \"hgvs\": [\n        \"NC_000011.9:g.67799758C>T\",\n        \"CM000673.1:g.67799758C>T\"\n      ],\n      \"referenceGenome\": \"GRCh37\",\n      \"referenceSequence\": \"http://reg.genome.network/refseq/RS000035\"\n    },\n    {\n      \"coordinates\": [\n        {\n          \"allele\": \"T\",\n          \"end\": 6675,\n          \"referenceAllele\": \"C\",\n          \"start\": 6674\n        }\n      ],\n      \"hgvs\": [\n        \"NG_017040.1:g.6675C>T\"\n      ],\n      \"referenceSequence\": \"http://reg.genome.network/refseq/RS003382\"\n    }\n  ],\n  \"transcriptAlleles\": [\n    {\n      \"coordinates\": [\n        {\n          \"allele\": \"T\",\n          \"end\": 171,\n          \"referenceAllele\": \"C\",\n          \"start\": 170\n        }\n      ],\n      \"hgvs\": [\n        \"ENST00000313468.9:c.64C>T\"\n      ],\n      \"proteinEffect\": {\n        \"hgvs\": \"ENSP00000315774.5:p.Pro22Ser\",\n        \"hgvsWellDefined\": \"ENSP00000315774.5:p.Pro22Ser\"\n      },\n      \"referenceSequence\": \"http://reg.genome.network/refseq/RS256818\"\n    },\n    {\n      \"coordinates\": [\n        {\n          \"allele\": \"T\",\n          \"end\": 181,\n          \"referenceAllele\": \"C\",\n          \"start\": 180\n        }\n      ],\n      \"hgvs\": [\n        \"ENST00000432321.6:n.181C>T\"\n      ],\n      \"referenceSequence\": \"http://reg.genome.network/refseq/RS292035\"\n    },\n    {\n      \"coordinates\": [\n        {\n          \"allele\": \"T\",\n          \"end\": 311,\n          \"referenceAllele\": \"C\",\n          \"start\": 310\n        }\n      ],\n      \"hgvs\": [\n        \"ENST00000453471.6:c.64C>T\"\n      ],\n      \"proteinEffect\": {\n        \"hgvs\": \"ENSP00000403972.2:p.Pro22Ser\",\n        \"hgvsWellDefined\": \"ENSP00000403972.2:p.Pro22Ser\"\n      },\n      \"referenceSequence\": \"http://reg.genome.network/refseq/RS302133\"\n    },\n    {\n      \"coordinates\": [\n        {\n          \"allele\": \"T\",\n          \"end\": 202,\n          \"endIntronDirection\": \"-\",\n          \"endIntronOffset\": 631,\n          \"referenceAllele\": \"C\",\n          \"start\": 202,\n          \"startIntronDirection\": \"-\",\n          \"startIntronOffset\": 632\n        }\n      ],\n      \"hgvs\": [\n        \"ENST00000525419.5:c.56-632C>T\"\n      ],\n      \"proteinEffect\": {\n        \"hgvs\": \"ENSP00000433521.1:p.=\"\n      },\n      \"referenceSequence\": \"http://reg.genome.network/refseq/RS351451\"\n    },\n    {\n      \"coordinates\": [\n        {\n          \"allele\": \"T\",\n          \"end\": 249,\n          \"referenceAllele\": \"C\",\n          \"start\": 248\n        }\n      ],\n      \"hgvs\": [\n        \"ENST00000525628.1:c.64C>T\"\n      ],\n      \"proteinEffect\": {\n        \"hgvs\": \"ENSP00000432968.1:p.Pro22Ser\",\n        \"hgvsWellDefined\": \"ENSP00000432968.1:p.Pro22Ser\"\n      },\n      \"referenceSequence\": \"http://reg.genome.network/refseq/RS351620\"\n    },\n    {\n      \"coordinates\": [\n        {\n          \"allele\": \"T\",\n          \"end\": 199,\n          \"referenceAllele\": \"C\",\n          \"start\": 198\n        }\n      ],\n      \"hgvs\": [\n        \"ENST00000526339.5:c.64C>T\"\n      ],\n      \"proteinEffect\": {\n        \"hgvs\": \"ENSP00000436287.1:p.Pro22Ser\",\n        \"hgvsWellDefined\": \"ENSP00000436287.1:p.Pro22Ser\"\n      },\n      \"referenceSequence\": \"http://reg.genome.network/refseq/RS352225\"\n    },\n    {\n      \"coordinates\": [\n        {\n          \"allele\": \"T\",\n          \"end\": 114,\n          \"referenceAllele\": \"C\",\n          \"start\": 113\n        }\n      ],\n      \"hgvs\": [\n        \"ENST00000526446.5:c.64C>T\"\n      ],\n      \"proteinEffect\": {\n        \"hgvs\": \"ENSP00000433645.1:p.Pro22Ser\",\n        \"hgvsWellDefined\": \"ENSP00000433645.1:p.Pro22Ser\"\n      },\n      \"referenceSequence\": \"http://reg.genome.network/refseq/RS352315\"\n    },\n    {\n      \"coordinates\": [\n        {\n          \"allele\": \"T\",\n          \"end\": 46,\n          \"endIntronDirection\": \"+\",\n          \"endIntronOffset\": 1558,\n          \"referenceAllele\": \"C\",\n          \"start\": 46,\n          \"startIntronDirection\": \"+\",\n          \"startIntronOffset\": 1557\n        }\n      ],\n      \"hgvs\": [\n        \"ENST00000528492.1:c.-67+1558C>T\"\n      ],\n      \"proteinEffect\": {\n        \"hgvs\": \"ENSP00000432848.1:p.=\"\n      },\n      \"referenceSequence\": \"http://reg.genome.network/refseq/RS354024\"\n    },\n    {\n      \"coordinates\": [\n        {\n          \"allele\": \"T\",\n          \"end\": 55,\n          \"referenceAllele\": \"C\",\n          \"start\": 54\n        }\n      ],\n      \"hgvs\": [\n        \"ENST00000529645.1:n.55C>T\"\n      ],\n      \"proteinEffect\": {\n        \"hgvs\": \"ENSP00000431293.1:p.Pro19Ser\",\n        \"hgvsWellDefined\": \"ENSP00000431293.1:p.Pro19Ser\"\n      },\n      \"referenceSequence\": \"http://reg.genome.network/refseq/RS355017\"\n    },\n    {\n      \"coordinates\": [\n        {\n          \"allele\": \"T\",\n          \"end\": 283,\n          \"referenceAllele\": \"C\",\n          \"start\": 282\n        }\n      ],\n      \"hgvs\": [\n        \"ENST00000531228.1:c.119C>T\"\n      ],\n      \"proteinEffect\": {\n        \"hgvs\": \"ENSP00000433054.1:p.Ser40Phe\",\n        \"hgvsWellDefined\": \"ENSP00000433054.1:p.Ser40Phe\"\n      },\n      \"referenceSequence\": \"http://reg.genome.network/refseq/RS356356\"\n    },\n    {\n      \"coordinates\": [\n        {\n          \"allele\": \"T\",\n          \"end\": 221,\n          \"referenceAllele\": \"C\",\n          \"start\": 220\n        }\n      ],\n      \"hgvs\": [\n        \"ENST00000531796.1:n.221C>T\"\n      ],\n      \"referenceSequence\": \"http://reg.genome.network/refseq/RS356830\"\n    },\n    {\n      \"coordinates\": [\n        {\n          \"allele\": \"T\",\n          \"end\": 85,\n          \"referenceAllele\": \"C\",\n          \"start\": 84\n        }\n      ],\n      \"hgvs\": [\n        \"ENST00000532399.1:n.85C>T\"\n      ],\n      \"referenceSequence\": \"http://reg.genome.network/refseq/RS357336\"\n    },\n    {\n      \"coordinates\": [\n        {\n          \"allele\": \"T\",\n          \"end\": 181,\n          \"referenceAllele\": \"C\",\n          \"start\": 180\n        }\n      ],\n      \"gene\": \"http://reg.genome.network/gene/GN007715\",\n      \"geneNCBI_id\": 4728,\n      \"geneSymbol\": \"NDUFS8\",\n      \"hgvs\": [\n        \"NM_002496.3:c.64C>T\"\n      ],\n      \"proteinEffect\": {\n        \"hgvs\": \"NP_002487.1:p.Pro22Ser\",\n        \"hgvsWellDefined\": \"NP_002487.1:p.Pro22Ser\"\n      },\n      \"referenceSequence\": \"http://reg.genome.network/refseq/RS027798\"\n    },\n    {\n      \"coordinates\": [\n        {\n          \"allele\": \"T\",\n          \"end\": 278,\n          \"referenceAllele\": \"C\",\n          \"start\": 277\n        }\n      ],\n      \"gene\": \"http://reg.genome.network/gene/GN007715\",\n      \"geneNCBI_id\": 4728,\n      \"geneSymbol\": \"NDUFS8\",\n      \"hgvs\": [\n        \"XM_005274013.1:c.64C>T\"\n      ],\n      \"proteinEffect\": {\n        \"hgvs\": \"XP_005274070.1:p.Pro22Ser\",\n        \"hgvsWellDefined\": \"XP_005274070.1:p.Pro22Ser\"\n      },\n      \"referenceSequence\": \"http://reg.genome.network/refseq/RS067799\"\n    },\n    {\n      \"coordinates\": [\n        {\n          \"allele\": \"T\",\n          \"end\": 265,\n          \"referenceAllele\": \"C\",\n          \"start\": 264\n        }\n      ],\n      \"gene\": \"http://reg.genome.network/gene/GN007715\",\n      \"geneNCBI_id\": 4728,\n      \"geneSymbol\": \"NDUFS8\",\n      \"hgvs\": [\n        \"XM_005274014.1:c.64C>T\"\n      ],\n      \"proteinEffect\": {\n        \"hgvs\": \"XP_005274071.1:p.Pro22Ser\",\n        \"hgvsWellDefined\": \"XP_005274071.1:p.Pro22Ser\"\n      },\n      \"referenceSequence\": \"http://reg.genome.network/refseq/RS067800\"\n    },\n    {\n      \"coordinates\": [\n        {\n          \"allele\": \"T\",\n          \"end\": 110,\n          \"referenceAllele\": \"C\",\n          \"start\": 109\n        }\n      ],\n      \"gene\": \"http://reg.genome.network/gene/GN007715\",\n      \"geneNCBI_id\": 4728,\n      \"geneSymbol\": \"NDUFS8\",\n      \"hgvs\": [\n        \"XM_005274015.1:c.-244C>T\"\n      ],\n      \"proteinEffect\": {\n        \"hgvs\": \"XP_005274072.1:p.=\"\n      },\n      \"referenceSequence\": \"http://reg.genome.network/refseq/RS067801\"\n    },\n    {\n      \"coordinates\": [\n        {\n          \"allele\": \"T\",\n          \"end\": 205,\n          \"referenceAllele\": \"C\",\n          \"start\": 204\n        }\n      ],\n      \"gene\": \"http://reg.genome.network/gene/GN007715\",\n      \"geneNCBI_id\": 4728,\n      \"geneSymbol\": \"NDUFS8\",\n      \"hgvs\": [\n        \"XM_011545053.1:c.64C>T\"\n      ],\n      \"proteinEffect\": {\n        \"hgvs\": \"XP_011543355.1:p.Pro22Ser\",\n        \"hgvsWellDefined\": \"XP_011543355.1:p.Pro22Ser\"\n      },\n      \"referenceSequence\": \"http://reg.genome.network/refseq/RS111960\"\n    }\n  ],\n  \"type\": \"nucleotide\"\n}"}]}]}}]},{"title":"Schema","config":{"defaultOpen":true},"blocks":[{"type":"jsonSchema","config":{},"header":{},"data":{"type":"object","properties":{"@id":{"type":"string"},"@context":{"type":"string"},"type":{"type":"string"},"transcriptAlleles":{"type":"array","items":{"type":"object","properties":{"hgvs":{"type":"array","items":{"type":"string"}},"referenceSequence":{"type":"string"},"gene":{"type":"string"},"coordinates":{"type":"array","items":{"type":"object","properties":{"start":{"type":"integer"},"end":{"type":"integer"},"startIntronOffset":{"type":"integer"},"startIntronDirection":{"type":"string"},"endIntronOffset":{"type":"integer"},"endIntronDirection":{"type":"string"},"referenceAllele":{"type":"string"},"allele":{"type":"string"}}}},"proteinEffect":{"type":["string","array"],"items":{"type":"object","properties":{"hgvs":{"type":"string"},"hgvsWellDefined":{"type":"string"}}}}}}},"genomicAlleles":{"type":"array","items":{"type":"object","properties":{"hgvs":{"type":"array","items":{"type":"string"}},"referenceSequence":{"type":"string"},"gene":{"type":"string"},"chromosome":{"type":"string"},"referenceGenome":{"type":"string"},"coordinates":{"type":"array","items":{"type":"object","properties":{"start":{"type":"integer"},"end":{"type":"integer"},"startIntronOffset":{"type":"integer"},"startIntronDirection":{"type":"string"},"endIntronOffset":{"type":"integer"},"endIntronDirection":{"type":"string"},"referenceAllele":{"type":"string"},"allele":{"type":"string"}}}}}}},"aminoAcidAlleles":{"type":"array","items":{"type":"object","properties":{"hgvs":{"type":"array","items":{"type":"string"}},"referenceSequence":{"type":"string"},"gene":{"type":"string"},"coordinates":{"type":"array","items":{"type":"object","properties":{"start":{"type":"integer"},"end":{"type":"integer"},"startIntronOffset":{"type":"integer"},"startIntronDirection":{"type":"string"},"endIntronOffset":{"type":"integer"},"endIntronDirection":{"type":"string"},"referenceAllele":{"type":"string"},"allele":{"type":"string"}}}},"hgvsMatchingTranscriptVariant":{"type":"array","items":{"type":"string"}}}}},"externalRecords":{"type":"object","properties":{"ClinVarVariations":{"type":"array","items":{"type":"object","properties":{"variationId":{"type":"string"},"@id":{"type":"string"},"RCV":{"type":"array","items":{"type":"string"}}}}},"ClinVarAlleles":{"type":"array","items":{"type":"object","properties":{"alleleId":{"type":"string"},"@id":{"type":"string"},"preferredName":{"type":"string"}}}},"ExAC":{"type":"array","items":{"type":"object","properties":{"variant":{"type":"string"},"@id":{"type":"string"}}}},"dbSNP":{"type":"array","items":{"type":"object","properties":{"rs":{"type":"string"},"@id":{"type":"string"}}}},"COSMIC":{"type":"array","items":{"type":"object","properties":{"id":{"type":"string"},"@id":{"type":"string"},"active":{"type":"boolean"}}}}}}},"required":["@id","@context","type"]}}]}]}}]}]}},{"type":"text","config":{"classNames":["ApiOperation--tryItOutTitle mt-3 -mb-4"]},"data":"## Send a Test Request"},{"type":"tabs","config":{"classNames":["ApiOperation--tryItOut"]},"data":{"children":[{"title":"example","blocks":[{"type":"http","data":{"url":"https://reg.genome.network/allele/{caid}","method":"get","headers":{},"query":{},"stepPathParams":{"caid":"CA321211"}},"config":{}}]},{"title":"example","blocks":[{"type":"http","data":{"url":"http://reg.genome.network/allele/{caid}","method":"get","headers":{},"query":{},"stepPathParams":{"caid":"CA321211"}},"config":{}}]}]}}],"children":[]},"isSubpage":true,"rootPagePath":"/api-reference","meta":{"title":"Search Registry using CAId - /allele/{caid} - Reference - Allele Registry API - API Reference"}},"crumbs":[{"content":"API Reference","to":"/api-reference"},{"content":"Allele Registry API","to":"/api-reference/ar-api"},{"content":"Reference","to":"/api-reference/ar-api/reference"},{"content":"/allele/{caid}","to":"/api-reference/ar-api/reference/allele-caid"},{"content":"Search Registry using CAId","to":"/api-reference/ar-api/reference/allele-caid/getallelecaid"}]}}