{"path":"api-reference/ar-api/models/exac","templateID":0,"sharedPropsHashes":{"sidebarTree":"Z1QlnQi"},"localProps":{"page":{"path":"/api-reference/ar-api/models/exac","parsedPath":["pages","/api-reference","data","children",0,"data","children",1,"data","children",11],"title":"ExAC","route":{"path":"/exac"},"data":{"blocks":[{"type":"text","config":{},"header":{"title":"ExAC"}},{"type":"jsonSchema","config":{},"header":{},"data":{"type":"object","properties":{"variant":{"type":"string"},"@id":{"type":"string"}}}}],"children":[]},"isSubpage":true,"rootPagePath":"/api-reference","meta":{"title":"ExAC - Models - Allele Registry API - API Reference"}},"crumbs":[{"content":"API Reference","to":"/api-reference"},{"content":"Allele Registry API","to":"/api-reference/ar-api"},{"content":"Models","to":"/api-reference/ar-api/models"},{"content":"ExAC","to":"/api-reference/ar-api/models/exac"}]}}