{"path":"api-reference/ar-api/models/clinvarvariation","templateID":0,"sharedPropsHashes":{"sidebarTree":"Z1QlnQi"},"localProps":{"page":{"path":"/api-reference/ar-api/models/clinvarvariation","parsedPath":["pages","/api-reference","data","children",0,"data","children",1,"data","children",8],"title":"ClinVarVariation","route":{"path":"/clinvarvariation"},"data":{"blocks":[{"type":"text","config":{},"header":{"title":"ClinVarVariation"}},{"type":"jsonSchema","config":{},"header":{},"data":{"type":"object","properties":{"variationId":{"type":"string"},"@id":{"type":"string"},"RCV":{"type":"array","items":{"type":"string"}}}}}],"children":[]},"isSubpage":true,"rootPagePath":"/api-reference","meta":{"title":"ClinVarVariation - Models - Allele Registry API - API Reference"}},"crumbs":[{"content":"API Reference","to":"/api-reference"},{"content":"Allele Registry API","to":"/api-reference/ar-api"},{"content":"Models","to":"/api-reference/ar-api/models"},{"content":"ClinVarVariation","to":"/api-reference/ar-api/models/clinvarvariation"}]}}