{"path":"api-reference/ar-api/models/hgvs","templateID":0,"sharedPropsHashes":{"sidebarTree":"Z1QlnQi"},"localProps":{"page":{"path":"/api-reference/ar-api/models/hgvs","parsedPath":["pages","/api-reference","data","children",0,"data","children",1,"data","children",7],"title":"HGVS","route":{"path":"/hgvs"},"data":{"blocks":[{"type":"text","config":{},"header":{"title":"HGVS"}},{"type":"jsonSchema","config":{},"header":{},"data":{"type":"string"}}],"children":[]},"isSubpage":true,"rootPagePath":"/api-reference","meta":{"title":"HGVS - Models - Allele Registry API - API Reference"}},"crumbs":[{"content":"API Reference","to":"/api-reference"},{"content":"Allele Registry API","to":"/api-reference/ar-api"},{"content":"Models","to":"/api-reference/ar-api/models"},{"content":"HGVS","to":"/api-reference/ar-api/models/hgvs"}]}}